{"type":"FeatureCollection","features":[{"type":"Feature","properties":{"name":"Джалал-Абадская область","kind":"region"},"geometry":{"type":"Polygon","coordinates":[[[70.1689582,41.5153538],[70.1722959,41.5168219],[70.1862181,41.5091674],[70.211166,41.5042007],[70.2192644,41.4958524],[70.2291644,41.4916483],[70.2404393,41.4913852],[70.2673043,41.4981226],[70.2732101,41.5028653],[70.2763326,41.5117338],[70.3031382,41.5206138],[70.3109412,41.5105665],[70.3204878,41.5067585],[70.3250383,41.5004818],[70.3383864,41.5004045],[70.3388914,41.4972793],[70.3480089,41.4929823],[70.3634716,41.492685],[70.3726654,41.482623],[70.3719634,41.4775919],[70.3808817,41.4665986],[70.3925009,41.468351],[70.3961411,41.4710245],[70.4074555,41.4703564],[70.4110252,41.4607122],[70.4187675,41.454377],[70.4385664,41.4463687],[70.442144,41.4401414],[70.4638759,41.4269068],[70.4701399,41.4161972],[70.4691734,41.4094404],[70.4880087,41.3981736],[70.4952697,41.3975471],[70.5045567,41.4029475],[70.5137352,41.3988754],[70.5352278,41.4088561],[70.5491077,41.4086931],[70.5515115,41.4102381],[70.5529062,41.420907],[70.5675679,41.4268425],[70.5664192,41.4323664],[70.5698342,41.4425466],[70.5858724,41.4429513],[70.5906916,41.4454917],[70.5909373,41.4541474],[70.5942632,41.456817],[70.6081358,41.4524849],[70.6197122,41.4595625],[70.6307758,41.4611191],[70.6382595,41.4571044],[70.6480848,41.4578896],[70.6659962,41.4701753],[70.6826304,41.4716059],[70.701573,41.4656894],[70.7171645,41.4657924],[70.7153088,41.4535949],[70.7208787,41.4421288],[70.7330701,41.4350553],[70.7344005,41.4272044],[70.7381126,41.4268182],[70.7425419,41.4195883],[70.7499117,41.4161041],[70.7573551,41.4035354],[70.7666501,41.3989713],[70.7795072,41.3866135],[70.7787526,41.3755547],[70.7750711,41.3708246],[70.7791156,41.366064],[70.7811758,41.3543785],[70.7870711,41.3487217],[70.7799618,41.3448082],[70.7806981,41.3385968],[70.7770289,41.3316848],[70.7827536,41.3304063],[70.7853132,41.3256582],[70.7838373,41.3204076],[70.7774448,41.3168033],[70.7732097,41.3056495],[70.778446,41.2875764],[70.7771821,41.2801957],[70.7684444,41.2651624],[70.774002,41.2577588],[70.7726819,41.2441547],[70.775962,41.21655],[70.7814179,41.2072402],[70.7825552,41.198377],[70.7863332,41.194854],[70.7876707,41.2004641],[70.7959202,41.2112706],[70.7962236,41.223317],[70.799571,41.230547],[70.8072495,41.2318074],[70.8146558,41.2384539],[70.8244371,41.2413519],[70.8290504,41.2473538],[70.8408844,41.2509917],[70.850091,41.2486182],[70.855243,41.2502641],[70.8587265,41.2453855],[70.876472,41.2335098],[70.8798489,41.2293908],[70.8805382,41.2232299],[70.8842369,41.2219555],[70.8888745,41.2141105],[70.8967119,41.2085899],[70.9041524,41.2067495],[70.9205139,41.1948185],[70.9341287,41.1912824],[70.9423255,41.1759084],[70.950644,41.1692785],[70.9657788,41.1635355],[70.9667444,41.166734],[70.9782886,41.1692861],[70.9919445,41.177865],[70.9964989,41.1767142],[71.0133865,41.1852705],[71.0297988,41.1869295],[71.0350549,41.1906324],[71.0389375,41.1904226],[71.0493994,41.181456],[71.0740113,41.17565],[71.0789372,41.1676936],[71.0844236,41.1680814],[71.0865211,41.1640848],[71.1000489,41.1535886],[71.1062495,41.1545963],[71.1119143,41.1473292],[71.1239128,41.1432493],[71.143906,41.1525192],[71.1617584,41.1669051],[71.1673583,41.1693962],[71.1776736,41.1690817],[71.1878363,41.1808922],[71.195403,41.1857444],[71.202384,41.1855393],[71.2116464,41.1682475],[71.2177659,41.1673199],[71.224503,41.1709984],[71.2243533,41.1863085],[71.2304254,41.1920244],[71.2398986,41.1912303],[71.251843,41.1831544],[71.2574685,41.1863598],[71.2669383,41.1802859],[71.2725153,41.1733892],[71.2781972,41.1500122],[71.2750836,41.1133263],[71.2798071,41.1058695],[71.2772353,41.099419],[71.2934753,41.1024738],[71.2931377,41.1052811],[71.3111242,41.1126246],[71.3223175,41.1218195],[71.3504167,41.1275421],[71.3522461,41.1247969],[71.3688824,41.1209623],[71.373159,41.1209831],[71.3732244,41.1254016],[71.381412,41.1260327],[71.3786779,41.1188651],[71.3877654,41.1208426],[71.3956929,41.1073068],[71.4320065,41.1326042],[71.4409714,41.1461841],[71.4516525,41.156998],[71.451916,41.1606826],[71.4494004,41.164956],[71.4455017,41.1649246],[71.4418924,41.1722012],[71.4362443,41.170976],[71.4361519,41.1784523],[71.4329537,41.1784406],[71.430625,41.1881923],[71.458705,41.2073416],[71.4602379,41.213375],[71.4572253,41.2151991],[71.4561123,41.22189],[71.4484327,41.2253468],[71.4541589,41.236506],[71.4518418,41.2421531],[71.4423589,41.2481331],[71.4477523,41.2582137],[71.4568705,41.2625565],[71.4538274,41.2675244],[71.4502806,41.2685815],[71.4523517,41.2780182],[71.4474493,41.280975],[71.4466111,41.2850351],[71.4653467,41.2957554],[71.4893529,41.2947803],[71.4981518,41.2965346],[71.511397,41.3066167],[71.5164227,41.3073853],[71.5198759,41.303898],[71.5236011,41.2915071],[71.5370338,41.2944153],[71.5602667,41.2899879],[71.5823468,41.3068319],[71.591855,41.3107871],[71.6032032,41.3220228],[71.6109211,41.3350162],[71.6203005,41.3355156],[71.6363513,41.3425031],[71.6396596,41.352651],[71.6449877,41.354428],[71.6623411,41.3821181],[71.6582534,41.3872885],[71.6591613,41.3896014],[71.6508336,41.3931405],[71.6506134,41.3982497],[71.6616112,41.4000213],[71.6657013,41.4015628],[71.6676857,41.4062749],[71.6751383,41.4071496],[71.6712499,41.4111955],[71.6788787,41.4158156],[71.6807895,41.4220474],[71.6771355,41.4259599],[71.67784,41.4326994],[71.6731456,41.4379615],[71.6720295,41.4439174],[71.6631374,41.4519923],[71.6655943,41.4580337],[71.6645023,41.463656],[71.6593924,41.4650917],[71.6510866,41.481973],[71.641532,41.4778964],[71.6294053,41.4776962],[71.6200934,41.4724506],[71.6058993,41.4734162],[71.6015925,41.4767981],[71.612896,41.4812427],[71.6180506,41.4875662],[71.6241073,41.4887713],[71.6303926,41.4864517],[71.6350904,41.4890373],[71.6431592,41.4870754],[71.6609556,41.4923688],[71.665196,41.4973492],[71.6702711,41.4977574],[71.6738942,41.5056691],[71.6784292,41.5090012],[71.6765816,41.5149342],[71.6923552,41.5249553],[71.6921664,41.527275],[71.6983611,41.5287691],[71.6994353,41.5352989],[71.7062144,41.5355709],[71.7060527,41.5423273],[71.7107368,41.5428459],[71.7174347,41.5482407],[71.7231565,41.5478341],[71.7335742,41.5434826],[71.7371511,41.538762],[71.7352702,41.5358714],[71.7369344,41.5334428],[71.7321413,41.5271617],[71.7265083,41.5262953],[71.7198589,41.521532],[71.7249506,41.5213634],[71.7339302,41.5160628],[71.7297884,41.5112692],[71.7312745,41.5095684],[71.7281127,41.5087487],[71.7297611,41.504776],[71.7230282,41.5006537],[71.7277845,41.493236],[71.7127195,41.4932684],[71.7149829,41.4875624],[71.7109922,41.4876525],[71.7178018,41.4731052],[71.7161896,41.4718334],[71.7219623,41.4668505],[71.7175263,41.4604448],[71.7069615,41.4585911],[71.7081451,41.4546261],[71.6968814,41.4453297],[71.6986825,41.4431634],[71.6943513,41.4287339],[71.6881609,41.4195093],[71.6894449,41.4162519],[71.7121545,41.3990328],[71.7171657,41.4019379],[71.7248913,41.4023349],[71.7278333,41.4088898],[71.7283693,41.4128044],[71.7206949,41.4156918],[71.7209098,41.4185698],[71.7282071,41.4256969],[71.7202335,41.4337396],[71.7245657,41.4349581],[71.7224499,41.4359617],[71.7298173,41.4442437],[71.7483054,41.4408846],[71.7529298,41.4341588],[71.7595598,41.4352802],[71.7736197,41.4479631],[71.7920862,41.4394768],[71.7948864,41.4288303],[71.7927857,41.4171956],[71.7970203,41.4085097],[71.7997133,41.4080591],[71.8044737,41.3998814],[71.8078589,41.401067],[71.8127037,41.3958143],[71.812443,41.3931909],[71.8274542,41.386899],[71.8309672,41.3876495],[71.8308127,41.3767281],[71.8406692,41.3744771],[71.8355226,41.368548],[71.8341923,41.3590463],[71.8431938,41.352499],[71.8666741,41.3491547],[71.867541,41.3529803],[71.8726211,41.3556129],[71.8785552,41.3643691],[71.8826193,41.3620001],[71.884374,41.360214],[71.8831257,41.3573218],[71.8920789,41.3504739],[71.8934393,41.3426804],[71.8804145,41.3378473],[71.8874398,41.3258048],[71.9003146,41.3090638],[71.9251902,41.2945633],[71.9142469,41.2853622],[71.9164376,41.2846012],[71.9092578,41.2779332],[71.9134547,41.257966],[71.8991738,41.2545602],[71.8953804,41.2500916],[71.8954324,41.2412551],[71.8907547,41.2384475],[71.8898104,41.2330262],[71.8693185,41.2176095],[71.8620069,41.2008483],[71.8636023,41.1974592],[71.8716431,41.1942684],[71.8838114,41.1932565],[71.8833533,41.1788295],[71.8863646,41.1678132],[71.8953725,41.1618751],[71.9045713,41.1593343],[71.9137401,41.1605301],[71.9176493,41.1562266],[71.9239938,41.1563885],[71.9349823,41.1516732],[71.9426252,41.1453575],[71.9516404,41.1461036],[71.9601747,41.1569704],[72.0066045,41.1565212],[72.0062532,41.1520084],[72.0128104,41.1423576],[72.0263871,41.1365276],[72.0476841,41.1324225],[72.0710903,41.117437],[72.0936972,41.1347655],[72.0954412,41.1410841],[72.1073796,41.1528354],[72.1203541,41.1533385],[72.1369662,41.16235],[72.1469189,41.1592194],[72.1685594,41.1639959],[72.1763569,41.1558369],[72.1648945,41.1446447],[72.1456696,41.1376112],[72.150873,41.1368918],[72.1500316,41.1253403],[72.1788734,41.116658],[72.1795416,41.1064281],[72.1858323,41.1040003],[72.1865785,41.101634],[72.1900275,41.1021638],[72.193111,41.0861373],[72.2014885,41.0729437],[72.2031965,41.0645179],[72.2073834,41.0619172],[72.2101149,41.0508166],[72.2077584,41.028469],[72.1974706,41.0310679],[72.1823984,41.0069025],[72.1615341,41.0134009],[72.1590306,41.0053223],[72.165758,41.0021443],[72.1715366,40.9948431],[72.1720025,40.9878719],[72.1822387,40.9926372],[72.1845236,40.9968748],[72.2089114,40.9975941],[72.2135658,40.9999663],[72.238485,41.0020802],[72.2420222,41.0050831],[72.2466062,41.0037801],[72.2442931,41.0025746],[72.2460494,41.001043],[72.2598574,41.0059286],[72.2659062,41.0115272],[72.2707605,41.0110914],[72.2790135,41.0159931],[72.2883373,41.0241047],[72.2897313,41.0284269],[72.3017799,41.029051],[72.3082327,41.0324555],[72.3123801,41.0301088],[72.3302884,41.036926],[72.3325475,41.0416721],[72.3394453,41.0446147],[72.3471924,41.0594246],[72.3503922,41.0603506],[72.3571209,41.0491514],[72.361967,41.0457147],[72.3605774,41.0442376],[72.3771564,41.0409648],[72.3813613,41.0315695],[72.3900325,41.0284111],[72.4167797,41.0263959],[72.4261217,41.0344539],[72.4443739,41.0316025],[72.4530143,41.0274772],[72.4864654,41.002644],[72.4880151,40.9984228],[72.4854886,40.9908552],[72.4981578,40.9862824],[72.5016049,40.9871552],[72.4878036,40.9745158],[72.4957888,40.9674725],[72.4997109,40.9672877],[72.5055678,40.9710014],[72.5075762,40.9684225],[72.5196801,40.9694521],[72.5248726,40.9660405],[72.5210707,40.9618665],[72.525116,40.9595779],[72.5291948,40.9639278],[72.531547,40.9613308],[72.5380957,40.9616605],[72.5448272,40.9658019],[72.551467,40.9618205],[72.5496979,40.9575427],[72.5567201,40.9547695],[72.5613952,40.9487973],[72.5606345,40.9434273],[72.5631692,40.9426065],[72.5641057,40.9386436],[72.5770449,40.9225864],[72.5891585,40.9124102],[72.592935,40.9050516],[72.5840028,40.8893657],[72.5733706,40.8799295],[72.5738055,40.8767279],[72.5961673,40.8702897],[72.6085269,40.87318],[72.6165835,40.866828],[72.6597032,40.8548234],[72.6916925,40.8509631],[72.6977214,40.8546152],[72.712603,40.8486927],[72.8340074,40.85598],[72.8806906,40.8374103],[72.8997831,40.8219481],[72.9003122,40.8155444],[72.9160853,40.8066043],[72.9390539,40.8004244],[72.9581335,40.8049997],[72.9587717,40.8158528],[72.9660324,40.8213966],[72.9761924,40.8197384],[72.9759448,40.822559],[72.9804686,40.826654],[72.9799137,40.8294928],[72.9946883,40.8314328],[72.9977731,40.8339249],[72.9999376,40.8428981],[73.0058804,40.8396105],[73.0138517,40.8452798],[73.0216246,40.8465431],[73.0292671,40.8389572],[73.0435637,40.8469193],[73.0467798,40.8440811],[73.0574987,40.8442123],[73.0623652,40.841225],[73.1144918,40.8442987],[73.1212941,40.8384036],[73.1539824,40.8522547],[73.1633894,40.8690804],[73.1734145,40.8673323],[73.17964,40.8695304],[73.1834853,40.8677477],[73.1969893,40.8713997],[73.2100584,40.8663457],[73.2160552,40.868215],[73.2223265,40.8739092],[73.2267439,40.8857807],[73.2309554,40.8886877],[73.2308867,40.8938957],[73.2354643,40.898913],[73.2412779,40.9192552],[73.2364943,40.9250142],[73.2436354,40.9318621],[73.2324202,40.935061],[73.2230361,40.945452],[73.2292616,40.9581231],[73.225096,40.9720532],[73.2253706,40.9808315],[73.2305892,40.9940486],[73.2267897,41.0045513],[73.2364256,41.0130489],[73.2505705,41.0182816],[73.254677,41.0172249],[73.3203483,41.0420709],[73.3238276,41.0371137],[73.3266428,41.0252003],[73.3401468,41.0188802],[73.3691233,41.0190356],[73.370199,41.0343514],[73.3760584,41.040601],[73.374296,41.0509409],[73.3985319,41.0581401],[73.4096703,41.0528033],[73.4107163,41.0730219],[73.4065964,41.0786984],[73.4213135,41.0842365],[73.4257081,41.103573],[73.4454148,41.0884976],[73.4661973,41.0883251],[73.4699509,41.0905676],[73.4910996,41.0905504],[73.4972794,41.0925341],[73.5022575,41.0904832],[73.5034706,41.0874816],[73.509742,41.0881544],[73.5153725,41.0847559],[73.521209,41.0867916],[73.5248711,41.0830997],[73.5348961,41.0819956],[73.5409844,41.0839968],[73.5502083,41.0809777],[73.5577156,41.0847042],[73.57463,41.0749045],[73.574836,41.0726786],[73.5819771,41.072092],[73.5868294,41.0740072],[73.596328,41.0838933],[73.6059868,41.0873781],[73.6158974,41.0945024],[73.6119606,41.0992113],[73.5946571,41.1061445],[73.5891031,41.126715],[73.5860361,41.1299217],[73.6223826,41.1363863],[73.6336664,41.1415058],[73.6410517,41.1422157],[73.6463965,41.1315759],[73.6558168,41.1252129],[73.6620872,41.11394],[73.6708076,41.1114396],[73.6711967,41.1081802],[73.6748359,41.1055933],[73.6865776,41.1043689],[73.6888893,41.1009022],[73.6821373,41.0878273],[73.6739204,41.0829796],[73.6674431,41.0832384],[73.6610573,41.0754228],[73.6497276,41.0746808],[73.636544,41.0686588],[73.6205681,41.0572171],[73.6044777,41.0501751],[73.6012962,41.0424073],[73.5942238,41.0393344],[73.5791677,41.018579],[73.5624364,41.0035877],[73.5622533,40.9982847],[73.5768789,40.9978183],[73.5827153,40.9929812],[73.5927633,40.9965572],[73.6098607,40.9875737],[73.6101125,40.9816128],[73.6062673,40.9744936],[73.6028341,40.957591],[73.6159719,40.9636059],[73.6433233,40.9621022],[73.6555913,40.9540993],[73.6616338,40.9551364],[73.6687749,40.9525263],[73.6790975,40.9444703],[73.6920288,40.9428],[73.70162,40.9495177],[73.7009161,40.9584615],[73.6965218,40.958412],[73.6953223,40.9612084],[73.6977763,40.9903967],[73.6998812,40.9954367],[73.706127,40.9975437],[73.710263,41.0039459],[73.7098749,41.0138268],[73.7153642,41.0174566],[73.7160288,41.0214743],[73.7213005,41.0229985],[73.728379,41.0341124],[73.74173,41.0376493],[73.7450573,41.045645],[73.7494514,41.043858],[73.7557664,41.0454857],[73.7604762,41.0480199],[73.7608567,41.0505525],[73.7702598,41.0524516],[73.7772954,41.0612552],[73.7916912,41.0692779],[73.7931443,41.0731669],[73.7892936,41.0858346],[73.8022647,41.0986549],[73.8088992,41.1011255],[73.8108254,41.1084808],[73.8041225,41.1157965],[73.8118238,41.1236096],[73.8172674,41.1256918],[73.8354398,41.1206877],[73.8560628,41.1210689],[73.8612556,41.1180299],[73.8626075,41.113358],[73.8497329,41.1003265],[73.8498187,41.0975938],[73.8583803,41.0876968],[73.8743663,41.0858855],[73.8811839,41.081321],[73.8883352,41.0807584],[73.8931417,41.0752265],[73.8822627,41.0664909],[73.8847732,41.0635465],[73.8814044,41.0382543],[73.8880133,41.0344993],[73.887155,41.0232654],[73.8792372,41.0160611],[73.8785076,41.0089046],[73.8974547,41.0065729],[73.9035058,40.9998525],[73.909471,40.9998525],[73.9138698,40.9958686],[73.9376449,41.0029294],[73.9466572,40.9952613],[73.9502191,40.9942652],[73.9519465,40.9962006],[73.9613392,40.9924209],[73.9835429,40.9914471],[73.9897227,40.9960791],[73.9983916,40.9883697],[74.0057516,40.9878514],[74.011352,40.9783915],[74.0165741,40.9747836],[74.0199137,40.981599],[74.027102,40.9863937],[74.029634,40.9952532],[74.0346765,40.9977149],[74.0412426,41.0120296],[74.0599261,41.0282415],[74.073144,41.032709],[74.077972,41.0381474],[74.0764056,41.0448152],[74.0823065,41.048602],[74.0831219,41.0526313],[74.08383,41.0595404],[74.0807265,41.0644665],[74.0595478,41.0807238],[74.0572089,41.0907997],[74.0373391,41.1079236],[74.031803,41.1248168],[74.0427528,41.1413111],[74.0533958,41.1456256],[74.0734587,41.1486794],[74.0851531,41.1649644],[74.0997229,41.1706341],[74.1056667,41.1692612],[74.1326819,41.1810515],[74.1435824,41.1889321],[74.1460715,41.1960852],[74.169058,41.1975877],[74.1862027,41.1929537],[74.2043774,41.198621],[74.2113726,41.1966512],[74.2190544,41.1996382],[74.2380659,41.1997996],[74.2461555,41.2034645],[74.2503397,41.2024151],[74.2584078,41.2068869],[74.2820756,41.2090017],[74.2962162,41.208469],[74.3013446,41.2032384],[74.3122451,41.2024635],[74.3337671,41.1934381],[74.3410628,41.1955533],[74.3440025,41.2000095],[74.349045,41.2004777],[74.35589,41.2066932],[74.3608253,41.2132633],[74.3587868,41.2157168],[74.3648808,41.2186383],[74.3667261,41.2166691],[74.3744449,41.2188749],[74.3629006,41.2311082],[74.3498115,41.233319],[74.3416575,41.2373208],[74.3431596,41.2463078],[74.3403057,41.2511155],[74.330521,41.2544548],[74.3239121,41.2602458],[74.3192772,41.2741163],[74.3178305,41.2885188],[74.3194003,41.3013163],[74.336632,41.3044746],[74.3417023,41.3104655],[74.3862799,41.314515],[74.4086603,41.3217833],[74.4107416,41.3259408],[74.4246677,41.3339167],[74.4278647,41.34286],[74.4351388,41.3452603],[74.454558,41.345808],[74.4607593,41.3494969],[74.47711,41.347725],[74.4971515,41.3494163],[74.5035029,41.3554888],[74.542351,41.355172],[74.546881,41.3574997],[74.5458057,41.3678951],[74.555762,41.3715183],[74.5722415,41.3719852],[74.5870258,41.3762402],[74.6048786,41.3753707],[74.6149423,41.3822297],[74.6222808,41.3937563],[74.6307351,41.3981507],[74.640198,41.4088698],[74.6570632,41.4067942],[74.6693155,41.4104635],[74.6784995,41.4242101],[74.6789589,41.441304],[74.6837787,41.4557944],[74.6834725,41.4593244],[74.6799895,41.4612305],[74.6825156,41.4655439],[74.6812706,41.4708845],[74.6897151,41.4766573],[74.6985596,41.477972],[74.7044604,41.4893852],[74.7122066,41.4965697],[74.7140091,41.5024998],[74.720146,41.5089598],[74.728772,41.510904],[74.7325056,41.5181022],[74.7312181,41.5270826],[74.7369473,41.5431769],[74.7293299,41.5485889],[74.7297161,41.5532618],[74.7337153,41.5555516],[74.7340157,41.5589074],[74.7297456,41.5699692],[74.7193601,41.5755395],[74.7089746,41.5885725],[74.70876,41.5941572],[74.7136095,41.598538],[74.7284367,41.6008005],[74.7326639,41.6046193],[74.737061,41.6281332],[74.7301946,41.6312607],[74.7248731,41.6421818],[74.7115693,41.63867],[74.6885452,41.6407867],[74.6867428,41.6382209],[74.6654568,41.6345485],[74.6581826,41.629288],[74.6528182,41.618862],[74.6471534,41.6214285],[74.6357793,41.6184921],[74.6245569,41.6210266],[74.6180338,41.6193263],[74.6120471,41.6120592],[74.6056527,41.6097169],[74.5936578,41.6102062],[74.5816845,41.6159335],[74.575569,41.6145218],[74.5722431,41.611987],[74.5712131,41.6060508],[74.5640033,41.6073023],[74.5577806,41.6015101],[74.5493478,41.6003387],[74.5397562,41.5938398],[74.5358509,41.5890414],[74.5344347,41.5823969],[74.5310855,41.5811895],[74.5311713,41.5761494],[74.5243263,41.5684921],[74.5142627,41.5724894],[74.5144773,41.5766309],[74.5087695,41.5802425],[74.4983626,41.5815747],[74.4929981,41.5763581],[74.4872689,41.575411],[74.4756174,41.5810771],[74.4668627,41.578525],[74.4629789,41.581655],[74.4554472,41.5818476],[74.4349122,41.5776903],[74.4291616,41.5609785],[74.4192704,41.5546223],[74.4072326,41.5547508],[74.4064816,41.5577534],[74.3968257,41.5582994],[74.3863114,41.5630519],[74.3703683,41.5545581],[74.358867,41.5532253],[74.3562492,41.5548793],[74.355584,41.5597926],[74.3492754,41.5624418],[74.3125614,41.5632606],[74.3084844,41.5661023],[74.2839251,41.5633042],[74.2673501,41.5675953],[74.2517718,41.5650587],[74.2524799,41.5612376],[74.2431029,41.5575447],[74.2406567,41.5578177],[74.2371376,41.5640794],[74.226559,41.5661986],[74.2153747,41.5589253],[74.2060822,41.5619091],[74.202531,41.5590465],[74.2038614,41.5530091],[74.1923171,41.5487858],[74.1736275,41.552431],[74.1676194,41.5611017],[74.1541225,41.5696748],[74.147771,41.5688079],[74.1426212,41.5729176],[74.1327507,41.5739289],[74.1201946,41.5796012],[74.1154095,41.5796012],[74.1086718,41.5733731],[74.0934307,41.578453],[74.0812093,41.5722788],[74.070347,41.5718333],[74.0470346,41.5748975],[74.038103,41.5804855],[74.0271866,41.580796],[74.0158551,41.5917681],[73.9953395,41.6015106],[73.991841,41.6098275],[73.9834496,41.6140271],[73.9840835,41.6174464],[73.9776569,41.6274958],[73.9805412,41.6344312],[73.9666511,41.6424249],[73.9523895,41.6554876],[73.9385018,41.6582214],[73.9282568,41.652608],[73.9164995,41.6528389],[73.9131778,41.6506232],[73.913784,41.6621903],[73.9073253,41.664166],[73.8966688,41.6828824],[73.8890702,41.6847593],[73.8911998,41.6938428],[73.8847303,41.6967849],[73.8845633,41.7045754],[73.9181696,41.7074553],[73.9292203,41.7025372],[73.9396702,41.6944303],[73.9582955,41.6925236],[73.9684235,41.6962889],[73.9722,41.6946225],[73.9713846,41.6892708],[73.9767491,41.6846398],[73.9966832,41.6868993],[74.0071546,41.6795276],[74.0174328,41.6798321],[74.0409964,41.6585464],[74.0415972,41.6428176],[74.0341085,41.6317363],[74.0281003,41.6302126],[74.0277355,41.6267642],[74.0306109,41.6213748],[74.0413826,41.6119903],[74.0520256,41.6084928],[74.0707627,41.6125945],[74.077994,41.6156746],[74.0801612,41.620471],[74.0768352,41.6237593],[74.07926,41.6291005],[74.076213,41.6557193],[74.0784017,41.6655783],[74.075419,41.6735286],[74.0781871,41.6850194],[74.0754834,41.6994882],[74.0811268,41.7073542],[74.0834013,41.71791],[74.0875279,41.7242821],[74.080115,41.7263662],[74.0720987,41.7241726],[74.0582213,41.7330636],[74.0283402,41.7338093],[74.0259862,41.7312989],[74.0149616,41.7303609],[74.0116739,41.7308985],[74.0107506,41.7338273],[73.9904308,41.7353181],[73.9758456,41.7405636],[73.9848318,41.7533465],[73.9791026,41.758981],[73.9770856,41.7649832],[73.9686313,41.7680881],[73.9688459,41.7788899],[73.9628592,41.7851462],[73.9618507,41.8077021],[73.9689746,41.8218394],[73.9479676,41.8413611],[73.9459076,41.8460928],[73.9318743,41.849897],[73.9155665,41.8431835],[73.9083352,41.8467801],[73.9006963,41.8462207],[73.8935938,41.8379721],[73.889946,41.8377003],[73.8747229,41.8460218],[73.8653888,41.84786],[73.8536514,41.8432883],[73.8532652,41.8400752],[73.8180102,41.8673578],[73.8056643,41.8741218],[73.8034231,41.8738522],[73.8030893,41.8700154],[73.8047416,41.8587175],[73.8006002,41.8502307],[73.7958152,41.8485524],[73.7854511,41.8532676],[73.7866957,41.8493676],[73.783241,41.8473536],[73.7769324,41.8478331],[73.7705595,41.8514615],[73.7695295,41.854674],[73.7423856,41.8657649],[73.7396819,41.8634319],[73.7120444,41.8688649],[73.7156279,41.8753201],[73.7157285,41.8828662],[73.7352098,41.881025],[73.7408103,41.889923],[73.7400593,41.9020139],[73.7606372,41.9104778],[73.7630619,41.9238262],[73.7743272,41.9331332],[73.777975,41.9411301],[73.7884798,41.9514028],[73.7821928,41.9589028],[73.7838665,41.9630354],[73.781828,41.9654127],[73.7863985,41.9675346],[73.786613,41.969832],[73.7709918,41.9779679],[73.7743178,41.9829446],[73.768889,41.9855285],[73.7664857,41.9906961],[73.7642429,41.9974933],[73.7669466,42.0038079],[73.7635134,42.0081768],[73.7525056,42.0089261],[73.7252543,42.0031542],[73.7231944,42.0057692],[73.7167785,42.0052111],[73.7031744,42.0129598],[73.6959431,42.0076187],[73.682339,42.0161643],[73.6715029,42.0121946],[73.6662886,42.0132149],[73.6609671,42.0093726],[73.6545942,42.0096277],[73.6388657,42.0005231],[73.6319564,42.002341],[73.607795,42.0001723],[73.5977314,41.9939371],[73.5852216,41.999375],[73.5775826,41.9957392],[73.563957,42.0017988],[73.5573695,41.998498],[73.5508464,41.9991677],[73.5442589,41.9946866],[73.5412333,41.9971585],[73.5334013,41.9976369],[73.5182522,41.9955478],[73.4935758,42.0097393],[73.4807656,42.008958],[73.4730818,42.0136894],[73.4568168,42.0101341],[73.4522034,42.0150605],[73.4519674,42.019301],[73.444307,42.0216444],[73.4399511,42.0216603],[73.4304883,42.0153634],[73.4158542,42.0137054],[73.4128715,42.0271596],[73.4056832,42.0278609],[73.4000184,42.0264902],[73.3988382,42.0230949],[73.3925726,42.022553],[73.3927442,42.0257251],[73.3843328,42.0326266],[73.3676817,42.0303952],[73.3613731,42.0264105],[73.3473827,42.0272871],[73.3432843,42.0287695],[73.3426835,42.03481],[73.3405806,42.0361328],[73.3277807,42.0370204],[73.3218583,42.045562],[73.3242831,42.0515213],[73.3236393,42.0596467],[73.3178243,42.0707657],[73.3178028,42.0816917],[73.3117947,42.0920744],[73.3028039,42.0943832],[73.2963666,42.0932686],[73.2942377,42.0959507],[73.2847243,42.0950612],[73.2671693,42.098056],[73.2583387,42.1054522],[73.2342594,42.1059813],[73.2142464,42.1136805],[73.1977238,42.1125218],[73.185493,42.1173447],[73.1710734,42.1168672],[73.1601944,42.1214511],[73.1472554,42.1213874],[73.1401744,42.1140976],[73.1168713,42.1226766],[73.107426,42.1216264],[73.1042502,42.1171221],[73.0729649,42.1172972],[73.0510137,42.1272762],[73.0308864,42.1291381],[73.027832,42.1357131],[73.0183263,42.1341378],[73.0145712,42.1265312],[73.0094643,42.1250193],[73.0064387,42.1208336],[72.9984779,42.1190828],[72.9863544,42.1295549],[72.9861879,42.1340542],[72.9694075,42.1404303],[72.9637861,42.1343565],[72.952671,42.1283573],[72.9502248,42.1221824],[72.9420924,42.1175667],[72.9370777,42.1062795],[72.9260914,42.1030636],[72.9161565,42.1038915],[72.9071872,42.0995292],[72.8927461,42.0997362],[72.8910939,42.0972843],[72.882425,42.0959309],[72.8832618,42.0877305],[72.8888408,42.0839564],[72.8893773,42.0711673],[72.8830687,42.071231],[72.8769748,42.0673762],[72.8590923,42.0639278],[72.8556806,42.057412],[72.8459388,42.0515489],[72.8260633,42.0479833],[72.7877828,42.0605063],[72.7829978,42.0666235],[72.7750652,42.0679182],[72.7712887,42.0784306],[72.7562469,42.0832402],[72.7506249,42.0898648],[72.7309586,42.0964275],[72.7265168,42.1027323],[72.7176548,42.1057253],[72.7162386,42.1092753],[72.7067543,42.1113128],[72.7065183,42.1156902],[72.7008964,42.1194943],[72.683344,42.1225979],[72.6663924,42.1310325],[72.6517154,42.1273246],[72.6483251,42.1243485],[72.6303006,42.1314939],[72.6236058,42.1300936],[72.6223192,42.1257246],[72.620354,42.1255884],[72.6072551,42.1384794],[72.5956465,42.1312234],[72.5776649,42.1345174],[72.5671078,42.1500619],[72.5581599,42.1504437],[72.5473023,42.1558682],[72.540114,42.1535935],[72.5244928,42.1564409],[72.5090156,42.1526062],[72.4972568,42.1599393],[72.477387,42.1656175],[72.4400506,42.1572989],[72.4317465,42.1599871],[72.4235497,42.1569649],[72.4104321,42.1641447],[72.3914206,42.1629677],[72.3871291,42.1677391],[72.393266,42.1720967],[72.3955191,42.178553],[72.393781,42.1840864],[72.3899466,42.1839601],[72.3770011,42.1909071],[72.3729241,42.19512],[72.3725164,42.1993962],[72.3535479,42.2013037],[72.3439563,42.2109516],[72.3389137,42.2095053],[72.3169411,42.213558],[72.3055685,42.2098073],[72.2963417,42.2114125],[72.2894538,42.2098708],[72.2788075,42.2154794],[72.2633151,42.2187372],[72.2549895,42.2201674],[72.2433165,42.2177837],[72.2371581,42.2207871],[72.227116,42.214796],[72.216205,42.2146226],[72.2235754,42.2005073],[72.2209576,42.1881709],[72.2221592,42.1842279],[72.2190479,42.1787104],[72.206538,42.1763092],[72.2047571,42.167992],[72.197204,42.1615505],[72.1810678,42.153645],[72.1833208,42.1430496],[72.1808318,42.1357464],[72.1877626,42.1325122],[72.1858099,42.1149578],[72.1922902,42.1121563],[72.191625,42.1076354],[72.1846941,42.1013789],[72.1853808,42.09751],[72.1807674,42.0927492],[72.1777633,42.0752316],[72.1661762,42.0664232],[72.1441177,42.0583465],[72.1299127,42.0618991],[72.1243981,42.0598122],[72.1070979,42.0609092],[72.1028493,42.0661662],[72.1030209,42.0726811],[72.0993088,42.0747198],[72.0737527,42.067791],[72.066736,42.0690653],[72.0611785,42.0765992],[72.0487545,42.0791793],[72.0446346,42.0757869],[72.0423386,42.0772682],[72.0420382,42.0840048],[72.0290043,42.089003],[72.023956,42.0863492],[72.0192633,42.0875463],[72.0167214,42.0948013],[72.0096334,42.0936768],[72.0023498,42.0969051],[71.9811103,42.097431],[71.975,42.1016021],[71.9742912,42.1054646],[71.9609819,42.1056983],[71.9430272,42.1112525],[71.9367662,42.1157987],[71.9147701,42.1203691],[71.8918568,42.1340834],[71.8830259,42.133736],[71.868586,42.1405347],[71.8619772,42.1387538],[71.8603706,42.1450174],[71.8516251,42.1461104],[71.8439282,42.1603661],[71.8389923,42.1518446],[71.8277623,42.1464659],[71.816168,42.144501],[71.796822,42.1521884],[71.7968551,42.155995],[71.787414,42.1547916],[71.7836706,42.1569527],[71.7768486,42.1523773],[71.7703343,42.1529424],[71.7653684,42.1552867],[71.757472,42.1546544],[71.7561508,42.157239],[71.7455721,42.1583485],[71.7252323,42.16682],[71.7096151,42.1665105],[71.6986501,42.1761325],[71.6935432,42.1852913],[71.6878569,42.1849097],[71.6825354,42.1884235],[71.6747034,42.1893774],[71.6699827,42.1949258],[71.6607773,42.1968334],[71.6499841,42.2079125],[71.62799,42.2068634],[71.6186345,42.2085323],[71.6064894,42.2149054],[71.5994942,42.2113772],[71.5934861,42.2113931],[71.5846026,42.2045746],[71.5612352,42.1965949],[71.5267742,42.1979303],[71.5073433,42.2020426],[71.4942112,42.1981799],[71.490263,42.1913918],[71.4910712,42.1867348],[71.4837635,42.1844059],[71.4651682,42.1887526],[71.4614455,42.1855414],[71.4521741,42.1837002],[71.4465547,42.1876822],[71.4368313,42.1901111],[71.4224961,42.1879704],[71.3984374,42.1971916],[71.3921675,42.2035998],[71.3878594,42.2036995],[71.3814697,42.2084326],[71.3764434,42.2065888],[71.3475516,42.2082372],[71.3434268,42.2108301],[71.3244767,42.2079161],[71.3038751,42.2111132],[71.2940697,42.2186651],[71.2841723,42.2118554],[71.2825137,42.2069808],[71.2729693,42.2043219],[71.2671899,42.2053285],[71.2654488,42.2002015],[71.2690927,42.1963697],[71.2585389,42.1895835],[71.2562006,42.1835196],[71.2504953,42.1818215],[71.2543943,42.1753099],[71.25921,42.1726247],[71.2583621,42.1679359],[71.2536388,42.1651456],[71.247215,42.1660205],[71.2377535,42.1531779],[71.2202102,42.1487689],[71.2265943,42.1436794],[71.222736,42.1395691],[71.2101756,42.13604],[71.1995186,42.1376394],[71.1953726,42.1435494],[71.1831911,42.1416626],[71.1755491,42.144058],[71.1527121,42.1302841],[71.1411237,42.1339664],[71.1298427,42.1165025],[71.117081,42.1127097],[71.1076323,42.1158185],[71.1035554,42.1128948],[71.0996664,42.0946194],[71.0845694,42.0943605],[71.0681608,42.0852068],[71.0563691,42.0852393],[71.0564517,42.0828266],[71.0494282,42.0810627],[71.0460831,42.0751218],[71.0467266,42.0712031],[71.0401427,42.0636521],[71.0289571,42.0677232],[71.0246665,42.0611812],[71.0153554,42.0611149],[71.0064468,42.0569845],[71.0134782,42.0523595],[71.0020894,42.044104],[71.0021605,42.0410171],[70.9927462,42.0304072],[70.9792372,42.0329253],[70.9422029,42.0311812],[70.9144519,42.0419139],[70.9005941,42.0409313],[70.8934816,42.0503412],[70.8881354,42.0519242],[70.8853225,42.0473242],[70.8789916,42.0461255],[70.8651702,42.0541323],[70.8607589,42.0482911],[70.8613337,42.042792],[70.8556322,42.0398977],[70.859114,42.0267999],[70.8469238,42.0185016],[70.8472926,42.0157614],[70.8422799,42.0125681],[70.8422621,42.0056035],[70.8378758,41.9997011],[70.8453239,41.9920861],[70.8520336,41.9889848],[70.8485704,41.9765459],[70.8529442,41.9572609],[70.8557755,41.9553271],[70.8554983,41.9505496],[70.8519226,41.9478902],[70.8539149,41.9415169],[70.8458076,41.9388924],[70.8447193,41.9336182],[70.8348048,41.9231054],[70.8261011,41.9264101],[70.8155783,41.9265491],[70.8068604,41.9206212],[70.7900151,41.9291108],[70.7803316,41.9266271],[70.7732782,41.9283818],[70.766662,41.935587],[70.7572325,41.9364243],[70.7573258,41.9181476],[70.7526847,41.9127357],[70.7384731,41.9138927],[70.730363,41.9205009],[70.7137386,41.9204959],[70.6939052,41.914558],[70.6872449,41.9155668],[70.6782903,41.9128709],[70.6734235,41.9084155],[70.6649614,41.9069509],[70.6607789,41.9011266],[70.6619818,41.8938965],[70.6543472,41.8843513],[70.6491855,41.882237],[70.6459308,41.8741802],[70.6379668,41.8721357],[70.639736,41.8683083],[70.6312192,41.8599074],[70.6287543,41.853324],[70.6033611,41.8507165],[70.5977481,41.8353067],[70.5966606,41.824367],[70.5993242,41.8198265],[70.5941532,41.8179508],[70.5785299,41.8197525],[70.5691104,41.8106463],[70.5542699,41.8077586],[70.5356944,41.7992559],[70.5275022,41.7985755],[70.5152456,41.7843114],[70.5149265,41.7803268],[70.5086934,41.7720535],[70.5089031,41.7613057],[70.5047453,41.7506422],[70.5088897,41.7467959],[70.5059339,41.742897],[70.5067044,41.7365869],[70.5034335,41.7341613],[70.4966927,41.7196874],[70.4758369,41.7223376],[70.4668041,41.7206278],[70.4498127,41.7025461],[70.4363982,41.7004228],[70.4197291,41.6904113],[70.4102839,41.6898414],[70.3965693,41.6841771],[70.3856691,41.6738805],[70.3758151,41.6572242],[70.3670735,41.6474849],[70.3503868,41.6429284],[70.3418996,41.6381553],[70.3220284,41.63684],[70.3018455,41.6312249],[70.2926142,41.6216872],[70.2789478,41.6197336],[70.2752032,41.6130176],[70.2658428,41.6074629],[70.2571576,41.6124423],[70.2493398,41.612574],[70.2406557,41.6171152],[70.2272339,41.6106787],[70.2092461,41.611957],[70.2107979,41.6073282],[70.2082837,41.6041965],[70.2157815,41.5950335],[70.2147129,41.5858411],[70.2086188,41.5733038],[70.191723,41.5690831],[70.1879518,41.5622489],[70.1792873,41.5574959],[70.1875726,41.5449556],[70.1845308,41.5423512],[70.1813669,41.5273486],[70.1749146,41.5251752],[70.1689582,41.5153538]]]}},{"type":"Feature","properties":{"name":"Ала-Букинский район","display_name":"Ала-Бука району, Жалал-Абад облусу, Кыргызстан","kind":"district"},"geometry":{"type":"Polygon","coordinates":[[[70.7153088,41.4535949],[70.7208787,41.4421288],[70.7330701,41.4350553],[70.7344005,41.4272044],[70.7381126,41.4268182],[70.7425419,41.4195883],[70.7499117,41.4161041],[70.7573551,41.4035354],[70.7666501,41.3989713],[70.7795072,41.3866135],[70.7787526,41.3755547],[70.7750711,41.3708246],[70.7791156,41.366064],[70.7811758,41.3543785],[70.7870711,41.3487217],[70.7799618,41.3448082],[70.7806981,41.3385968],[70.7770289,41.3316848],[70.7827536,41.3304063],[70.7853132,41.3256582],[70.7838373,41.3204076],[70.7774448,41.3168033],[70.7732097,41.3056495],[70.778446,41.2875764],[70.7771821,41.2801957],[70.7684444,41.2651624],[70.774002,41.2577588],[70.7726819,41.2441547],[70.775962,41.21655],[70.7814179,41.2072402],[70.7825552,41.198377],[70.7863332,41.194854],[70.7876707,41.2004641],[70.7959202,41.2112706],[70.7962236,41.223317],[70.799571,41.230547],[70.8072495,41.2318074],[70.8146558,41.2384539],[70.8244371,41.2413519],[70.8290504,41.2473538],[70.8408844,41.2509917],[70.850091,41.2486182],[70.855243,41.2502641],[70.8587265,41.2453855],[70.876472,41.2335098],[70.8798489,41.2293908],[70.8805382,41.2232299],[70.8842369,41.2219555],[70.8888745,41.2141105],[70.8967119,41.2085899],[70.9041524,41.2067495],[70.9205139,41.1948185],[70.9341287,41.1912824],[70.9423255,41.1759084],[70.950644,41.1692785],[70.9657788,41.1635355],[70.9667444,41.166734],[70.9782886,41.1692861],[70.9919445,41.177865],[70.9964989,41.1767142],[71.0133865,41.1852705],[71.0297988,41.1869295],[71.0350549,41.1906324],[71.0389375,41.1904226],[71.0493994,41.181456],[71.0740113,41.17565],[71.0789372,41.1676936],[71.0844236,41.1680814],[71.0865211,41.1640848],[71.1000489,41.1535886],[71.1062495,41.1545963],[71.1119143,41.1473292],[71.1239128,41.1432493],[71.143906,41.1525192],[71.1617584,41.1669051],[71.1673583,41.1693962],[71.1776736,41.1690817],[71.1878363,41.1808922],[71.195403,41.1857444],[71.202384,41.1855393],[71.2116464,41.1682475],[71.2177659,41.1673199],[71.224503,41.1709984],[71.2243533,41.1863085],[71.2304254,41.1920244],[71.2398986,41.1912303],[71.251843,41.1831544],[71.2574685,41.1863598],[71.2669383,41.1802859],[71.2725153,41.1733892],[71.2781972,41.1500122],[71.2750836,41.1133263],[71.2798071,41.1058695],[71.2772353,41.099419],[71.2934753,41.1024738],[71.2931377,41.1052811],[71.3111242,41.1126246],[71.3223175,41.1218195],[71.3504167,41.1275421],[71.3522461,41.1247969],[71.3688824,41.1209623],[71.373159,41.1209831],[71.3732244,41.1254016],[71.381412,41.1260327],[71.3786779,41.1188651],[71.3877654,41.1208426],[71.3956929,41.1073068],[71.4320065,41.1326042],[71.4409714,41.1461841],[71.4516525,41.156998],[71.451916,41.1606826],[71.4494004,41.164956],[71.4455017,41.1649246],[71.4418924,41.1722012],[71.4362443,41.170976],[71.4361519,41.1784523],[71.4329537,41.1784406],[71.430625,41.1881923],[71.458705,41.2073416],[71.4602379,41.213375],[71.4572253,41.2151991],[71.4561123,41.22189],[71.4484327,41.2253468],[71.4541589,41.236506],[71.4518418,41.2421531],[71.4423589,41.2481331],[71.4477523,41.2582137],[71.4568705,41.2625565],[71.4538274,41.2675244],[71.4502806,41.2685815],[71.4523517,41.2780182],[71.4474493,41.280975],[71.4466111,41.2850351],[71.4653467,41.2957554],[71.4893529,41.2947803],[71.4981518,41.2965346],[71.511397,41.3066167],[71.5164227,41.3073853],[71.5198759,41.303898],[71.5236011,41.2915071],[71.5370338,41.2944153],[71.5602667,41.2899879],[71.563132,41.2911415],[71.5823468,41.3068319],[71.591855,41.3107871],[71.6032032,41.3220228],[71.6109211,41.3350162],[71.6203005,41.3355156],[71.6363513,41.3425031],[71.6396596,41.352651],[71.6449877,41.354428],[71.6623411,41.3821181],[71.6582534,41.3872885],[71.6591613,41.3896014],[71.6508336,41.3931405],[71.6506134,41.3982497],[71.6616112,41.4000213],[71.6657013,41.4015628],[71.6676857,41.4062749],[71.6751383,41.4071496],[71.6712499,41.4111955],[71.6788787,41.4158156],[71.6807895,41.4220474],[71.6771355,41.4259599],[71.67784,41.4326994],[71.6731456,41.4379615],[71.6720295,41.4439174],[71.6631374,41.4519923],[71.6655943,41.4580337],[71.6645023,41.463656],[71.6593924,41.4650917],[71.6510866,41.481973],[71.641532,41.4778964],[71.6294053,41.4776962],[71.6200934,41.4724506],[71.6058993,41.4734162],[71.6015925,41.4767981],[71.612896,41.4812427],[71.6180506,41.4875662],[71.6215066,41.4877582],[71.6192647,41.5016904],[71.6099735,41.5092592],[71.5998455,41.5127781],[71.590718,41.5259072],[71.588535,41.5356507],[71.5775916,41.5412882],[71.5668413,41.5549704],[71.5553615,41.559386],[71.5489456,41.5673975],[71.5404913,41.5718925],[71.540148,41.5806568],[71.5362212,41.588441],[71.5424654,41.6003963],[71.5427444,41.6074401],[71.5298114,41.6128785],[71.5300539,41.6173664],[71.5354505,41.619497],[71.5330857,41.6252536],[71.5261732,41.6284263],[71.5247786,41.6383061],[71.5205947,41.6384874],[71.5118025,41.6448313],[71.5163502,41.6528511],[71.5094377,41.6650826],[71.5029496,41.6687063],[71.5004635,41.6756814],[71.491065,41.6848294],[71.4828791,41.6842407],[71.472571,41.6880445],[71.4482559,41.7009031],[71.4303683,41.7233544],[71.432248,41.7368395],[71.4288769,41.7402548],[71.4174719,41.739295],[71.402208,41.7305923],[71.3973201,41.7317442],[71.3896024,41.7292483],[71.3802554,41.7064614],[71.3592661,41.6922534],[71.3623219,41.6850946],[71.354919,41.6825306],[71.3545327,41.6775946],[71.3465719,41.6787325],[71.3430314,41.6816652],[71.3389974,41.6863446],[71.3385253,41.6918087],[71.3322811,41.6951895],[71.332023,41.6982577],[71.3108229,41.695566],[71.305952,41.6898138],[71.2987381,41.6901675],[71.2922757,41.6954794],[71.2869356,41.6912261],[71.2761538,41.6903146],[71.2734583,41.6876561],[71.2637953,41.6885296],[71.2556581,41.681655],[71.2487414,41.6823387],[71.2306361,41.6770589],[71.2241771,41.6780845],[71.2105128,41.691152],[71.1923257,41.693476],[71.1813641,41.6993831],[71.1798197,41.6928057],[71.1883905,41.6836969],[71.1898795,41.6726744],[71.1877981,41.6675132],[71.1913386,41.6536465],[71.1991921,41.6434649],[71.1970678,41.6346289],[71.1984625,41.6242038],[71.1746792,41.5989745],[71.1701302,41.589972],[71.1703662,41.578737],[71.1649945,41.5741485],[71.164973,41.568562],[71.1574966,41.5557431],[71.1463538,41.5507914],[71.1489566,41.5411736],[71.1447079,41.5379013],[71.1515099,41.5329864],[71.1594922,41.5320226],[71.1682469,41.5259184],[71.1790616,41.5251634],[71.1886294,41.5284388],[71.198867,41.5191067],[71.2227635,41.5121719],[71.2208967,41.5057444],[71.2163906,41.5030769],[71.2263041,41.490975],[71.2273126,41.4822628],[71.2368612,41.4721185],[71.2381916,41.4675844],[71.2286859,41.4653333],[71.2275915,41.4631947],[71.2171845,41.4620691],[71.275013,41.4334399],[71.2870448,41.4234978],[71.2904565,41.4249298],[71.2919371,41.4290325],[71.343763,41.4337422],[71.34041,41.4194591],[71.3419335,41.4095947],[71.3391225,41.4001312],[71.3402813,41.3963325],[71.3447813,41.3860741],[71.3588912,41.3858432],[71.3337525,41.364046],[71.3218006,41.3474885],[71.3145908,41.3469891],[71.309677,41.3536095],[71.3084754,41.3622262],[71.3175949,41.3836906],[71.3082903,41.3870478],[71.2983554,41.3943884],[71.2835711,41.3861784],[71.2758034,41.3787885],[71.2635503,41.3436819],[71.2649236,41.339896],[71.2698588,41.3374633],[71.3051352,41.3377855],[71.314362,41.3337576],[71.2933979,41.3167734],[71.2725196,41.3070868],[71.3037159,41.2882967],[71.3112046,41.2758806],[71.3393356,41.2707845],[71.3380696,41.2568972],[71.340151,41.2515092],[71.3482405,41.2439104],[71.3471891,41.2364559],[71.3409878,41.2319216],[71.3276626,41.2291136],[71.3275553,41.2243366],[71.3198306,41.2161375],[71.2946607,41.2083247],[71.280327,41.2237233],[71.279812,41.2288554],[71.283138,41.2340678],[71.2822796,41.2425067],[71.2848546,41.2462175],[71.2826015,41.2490247],[71.2746407,41.2507671],[71.3021709,41.2615911],[71.2979223,41.2721231],[71.2883093,41.2729133],[71.2666155,41.2598975],[71.2505008,41.2575263],[71.2405445,41.2635267],[71.2302662,41.2729939],[71.2239577,41.2831209],[71.2294926,41.2868693],[71.2436117,41.289965],[71.2470879,41.2995251],[71.2525596,41.3059085],[71.2479891,41.3087454],[71.2431611,41.3084069],[71.243483,41.3106473],[71.224965,41.327182],[71.2197508,41.3351739],[71.2046875,41.3434387],[71.2024559,41.3507521],[71.184925,41.3589182],[71.1911263,41.3646838],[71.1834873,41.3745712],[71.1776079,41.378194],[71.173252,41.3879988],[71.174132,41.3918268],[71.1498607,41.3995678],[71.1391658,41.4099081],[71.1113352,41.4232802],[71.1011429,41.4329816],[71.0968728,41.4402849],[71.0964865,41.4457377],[71.0922379,41.4493888],[71.1121663,41.4762011],[71.1105224,41.4788182],[71.0990532,41.4797671],[71.0997578,41.503876],[71.0834838,41.518261],[71.0847205,41.5283161],[71.0889477,41.5347734],[71.0872954,41.5709835],[71.0782617,41.5810802],[71.0753006,41.5881421],[71.0758585,41.5983645],[71.0657734,41.6020711],[71.0588855,41.6126122],[71.054551,41.6151308],[71.0547953,41.6236899],[71.0503,41.6241738],[71.0337897,41.6109893],[71.02034,41.6083005],[71.0156649,41.6051813],[70.9997698,41.6078702],[70.9990505,41.6119035],[70.9908512,41.6146459],[70.990132,41.6174958],[70.9755421,41.6175715],[70.9646457,41.6140987],[70.9618959,41.6206601],[70.9562403,41.6220273],[70.9354232,41.6143751],[70.9181208,41.6141911],[70.917033,41.6032368],[70.9033645,41.6021018],[70.9013147,41.5908334],[70.9051626,41.5852926],[70.9051626,41.5812039],[70.902897,41.5761196],[70.8927475,41.5752596],[70.8864182,41.5700403],[70.8817432,41.5692332],[70.8767085,41.5718698],[70.8599503,41.5714932],[70.8570014,41.5669731],[70.8432044,41.5674129],[70.8288421,41.5583243],[70.8300423,41.5534203],[70.8346455,41.5507829],[70.8343345,41.5452698],[70.8261422,41.5448398],[70.8184014,41.5366247],[70.8080191,41.5360169],[70.7990442,41.5283311],[70.7902929,41.5249674],[70.7853112,41.5189273],[70.7852733,41.5048166],[70.77492,41.4970465],[70.7781376,41.4849241],[70.760369,41.475935],[70.754554,41.4705732],[70.7268444,41.4629588],[70.7171645,41.4657924],[70.7153088,41.4535949]]]}},{"type":"Feature","properties":{"name":"Аксыйский район","display_name":"Аксы району, Жалал-Абад облусу, 715700, Кыргызстан","kind":"district"},"geometry":{"type":"Polygon","coordinates":[[[71.4132716,41.7613525],[71.4279352,41.7601691],[71.4288769,41.7402548],[71.432248,41.7368395],[71.4303683,41.7233544],[71.4482559,41.7009031],[71.472571,41.6880445],[71.4828791,41.6842407],[71.491065,41.6848294],[71.5004635,41.6756814],[71.5029496,41.6687063],[71.5094377,41.6650826],[71.5163502,41.6528511],[71.5118025,41.6448313],[71.5205947,41.6384874],[71.5247786,41.6383061],[71.5261732,41.6284263],[71.5330857,41.6252536],[71.5354505,41.619497],[71.5300539,41.6173664],[71.5298114,41.6128785],[71.5427444,41.6074401],[71.5424654,41.6003963],[71.5362212,41.588441],[71.540148,41.5806568],[71.5404913,41.5718925],[71.5489456,41.5673975],[71.5553615,41.559386],[71.5668413,41.5549704],[71.5775916,41.5412882],[71.588535,41.5356507],[71.590718,41.5259072],[71.5998455,41.5127781],[71.6099735,41.5092592],[71.6192647,41.5016904],[71.6215066,41.4877582],[71.6303926,41.4864517],[71.6350904,41.4890373],[71.6431592,41.4870754],[71.6609556,41.4923688],[71.665196,41.4973492],[71.6702711,41.4977574],[71.6738942,41.5056691],[71.6784292,41.5090012],[71.6765816,41.5149342],[71.6923552,41.5249553],[71.6921664,41.527275],[71.6983611,41.5287691],[71.6994353,41.5352989],[71.7062144,41.5355709],[71.7060527,41.5423273],[71.7107368,41.5428459],[71.7174347,41.5482407],[71.729256,41.5456293],[71.7352425,41.541444],[71.7371511,41.538762],[71.7347872,41.5300039],[71.7198589,41.521532],[71.7249506,41.5213634],[71.7339302,41.5160628],[71.7297884,41.5112692],[71.7312745,41.5095684],[71.7281127,41.5087487],[71.7297611,41.504776],[71.7230282,41.5006537],[71.7277845,41.493236],[71.7127195,41.4932684],[71.7149829,41.4875624],[71.7109922,41.4876525],[71.7178018,41.4731052],[71.7161896,41.4718334],[71.7219623,41.4668505],[71.7175263,41.4604448],[71.7069615,41.4585911],[71.7081451,41.4546261],[71.6968814,41.4453297],[71.6986825,41.4431634],[71.6943513,41.4287339],[71.6881609,41.4195093],[71.6894449,41.4162519],[71.7121545,41.3990328],[71.7171657,41.4019379],[71.7248913,41.4023349],[71.7283693,41.4128044],[71.7206949,41.4156918],[71.7209098,41.4185698],[71.7282071,41.4256969],[71.7202335,41.4337396],[71.7245657,41.4349581],[71.7224499,41.4359617],[71.7298173,41.4442437],[71.7483054,41.4408846],[71.7529298,41.4341588],[71.7595598,41.4352802],[71.7736197,41.4479631],[71.7920862,41.4394768],[71.7948864,41.4288303],[71.7927857,41.4171956],[71.8044737,41.3998814],[71.8078589,41.401067],[71.8133806,41.3926644],[71.8201474,41.3915369],[71.8274542,41.386899],[71.8309672,41.3876495],[71.8308127,41.3767281],[71.8406692,41.3744771],[71.8334823,41.3622317],[71.8382674,41.3547294],[71.8666741,41.3491547],[71.867541,41.3529803],[71.8726211,41.3556129],[71.8785552,41.3643691],[71.884374,41.360214],[71.8831257,41.3573218],[71.8920789,41.3504739],[71.8934393,41.3426804],[71.8804145,41.3378473],[71.8874398,41.3258048],[71.9003146,41.3090638],[71.9251902,41.2945633],[71.9142469,41.2853622],[71.9164376,41.2846012],[71.9092578,41.2779332],[71.9134547,41.257966],[71.8991738,41.2545602],[71.8953804,41.2500916],[71.8954324,41.2412551],[71.8907547,41.2384475],[71.8898104,41.2330262],[71.8693185,41.2176095],[71.8620069,41.2008483],[71.8636023,41.1974592],[71.8716431,41.1942684],[71.8838114,41.1932565],[71.8833533,41.1788295],[71.8863646,41.1678132],[71.8953725,41.1618751],[71.9045713,41.1593343],[71.9137401,41.1605301],[71.9176493,41.1562266],[71.9239938,41.1563885],[71.9349823,41.1516732],[71.9426252,41.1453575],[71.9516404,41.1461036],[71.9601747,41.1569704],[72.0066045,41.1565212],[72.0062532,41.1520084],[72.0128104,41.1423576],[72.0263871,41.1365276],[72.0476841,41.1324225],[72.0710903,41.117437],[72.0936972,41.1347655],[72.0954412,41.1410841],[72.1073796,41.1528354],[72.1203541,41.1533385],[72.1369662,41.16235],[72.1469189,41.1592194],[72.1553792,41.160201],[72.1647477,41.1647915],[72.1691143,41.1730011],[72.1594477,41.1907737],[72.1620119,41.1989599],[72.17538,41.2094696],[72.1805084,41.2203893],[72.1935224,41.2206153],[72.2016764,41.2261672],[72.1994447,41.2406581],[72.2072339,41.2473215],[72.2032642,41.2524194],[72.2011184,41.2630013],[72.2101149,41.2722434],[72.2103919,41.2756633],[72.1906815,41.2902369],[72.1870035,41.2982825],[72.1731418,41.2974926],[72.1721762,41.30062],[72.1797293,41.3020547],[72.1805662,41.3077125],[72.1716398,41.3142885],[72.1712965,41.3218791],[72.1591514,41.3217985],[72.1591514,41.3246669],[72.1964449,41.3277125],[72.1967882,41.329356],[72.1870679,41.3314346],[72.1780986,41.3315635],[72.182433,41.3327558],[72.1838492,41.3386043],[72.1955436,41.3392326],[72.2016376,41.3448711],[72.2082895,41.3451289],[72.2207135,41.3502675],[72.2198766,41.3645859],[72.2306055,41.3678228],[72.2332662,41.3755843],[72.229318,41.3753911],[72.2303051,41.3807688],[72.2218937,41.3808654],[72.2194689,41.3845362],[72.2153491,41.383377],[72.2162503,41.3863232],[72.2136754,41.3899293],[72.2200698,41.4027582],[72.226786,41.4064761],[72.2274041,41.4128978],[72.2347963,41.4232203],[72.2513616,41.4268324],[72.260406,41.4494657],[72.2764134,41.4502055],[72.2955537,41.4600638],[72.2993141,41.4671389],[72.2932577,41.4699486],[72.2920507,41.473112],[72.3010415,41.478976],[72.3124719,41.4806369],[72.3174888,41.4896496],[72.3384368,41.4841965],[72.3427445,41.4876042],[72.3441902,41.4965126],[72.3630193,41.4972338],[72.3676085,41.5078783],[72.3721468,41.5099833],[72.3837876,41.5051867],[72.3925102,41.5093647],[72.4010718,41.503178],[72.4089575,41.5030856],[72.4193966,41.5162256],[72.4377751,41.5212784],[72.4529672,41.5191416],[72.4586213,41.5287484],[72.4712384,41.5322261],[72.4724078,41.5382012],[72.4777293,41.5419595],[72.4775255,41.5484958],[72.4806368,41.5522855],[72.5022983,41.552133],[72.5191104,41.5617429],[72.5118465,41.5718673],[72.4853456,41.5805479],[72.4767882,41.5864654],[72.4740416,41.5921305],[72.4525196,41.6069411],[72.4379498,41.6096044],[72.4150116,41.6093637],[72.4014718,41.6136633],[72.3815376,41.6148184],[72.3730618,41.6196309],[72.373727,41.6221653],[72.3704225,41.6255979],[72.3579985,41.6312917],[72.3613888,41.6336814],[72.3616678,41.638268],[72.357859,41.6507425],[72.3584813,41.6564341],[72.3767418,41.6698835],[72.3815268,41.6766632],[72.381677,41.6817115],[72.3889083,41.6865671],[72.3820204,41.7062582],[72.3706692,41.7139631],[72.3698539,41.7192007],[72.3638672,41.7223398],[72.3657984,41.7260553],[72.364189,41.7305552],[72.3559278,41.7331814],[72.3548549,41.7353271],[72.3577517,41.7393941],[72.3564213,41.7484718],[72.3676652,41.7526981],[72.3715061,41.7573402],[72.3774284,41.7580926],[72.3784369,41.7642868],[72.3840374,41.7700644],[72.3995942,41.7703045],[72.4059643,41.780689],[72.4220361,41.7799049],[72.4294819,41.7857771],[72.4463047,41.7899529],[72.4464017,41.7951621],[72.4428183,41.8000731],[72.4307534,41.8075614],[72.4316332,41.8159738],[72.4259469,41.8201316],[72.4226424,41.8313564],[72.415025,41.8362647],[72.3969576,41.8380872],[72.3714659,41.8389505],[72.3658869,41.8361687],[72.3579476,41.8367763],[72.3252461,41.8519781],[72.3162394,41.8514338],[72.3155372,41.8551211],[72.3092248,41.8603776],[72.3001974,41.8619783],[72.2794206,41.8712155],[72.2540524,41.8738639],[72.2484142,41.8783956],[72.249148,41.8837335],[72.2382046,41.8913533],[72.2226263,41.8948354],[72.2106959,41.9009206],[72.1636341,41.8997721],[72.1488284,41.9107114],[72.146983,41.9144959],[72.1295164,41.9244429],[72.1213625,41.9245387],[72.1095823,41.9209145],[72.0987101,41.9128982],[72.086897,41.9132917],[72.083202,41.910096],[72.0748653,41.9089983],[72.0730948,41.9142899],[72.066254,41.9198818],[72.0670516,41.9328116],[72.0615435,41.9406123],[72.0575493,41.9415326],[72.0657099,41.9504602],[72.0699821,41.9519307],[72.0704411,41.9556331],[72.0664513,41.9625909],[72.0686757,41.9653212],[72.0598135,41.9721729],[72.0520534,41.9830964],[72.0477092,41.9847296],[72.0455621,41.9884411],[72.0398698,41.9881813],[72.0357253,41.9924864],[72.0249398,41.9914101],[72.0179992,41.9956779],[71.9996738,41.9949357],[71.9953297,41.9987951],[71.9857706,41.9984865],[71.9789797,42.0023085],[71.9722388,41.9987833],[71.9563602,42.0058706],[71.9561522,42.0087757],[71.9368926,42.010587],[71.9276405,42.0079223],[71.9208803,42.0110354],[71.9083056,42.0071102],[71.9029388,42.0003935],[71.8830958,41.9923639],[71.8775878,41.9926264],[71.8763167,41.9807114],[71.8679897,41.9805683],[71.8615983,41.9758726],[71.8586024,41.9665544],[71.8538338,41.9630087],[71.8512373,41.9563623],[71.8463938,41.9513306],[71.8405915,41.9499261],[71.8394065,41.94425],[71.836617,41.9427498],[71.8386469,41.9388244],[71.8146384,41.9258515],[71.813791,41.9206499],[71.7952191,41.921438],[71.7940892,41.9173921],[71.78844,41.9168667],[71.7854035,41.9103506],[71.777777,41.9108236],[71.7789068,41.9045171],[71.7748817,41.8986831],[71.7614648,41.8929537],[71.7594169,41.888906],[71.7592051,41.8835963],[71.7645719,41.8776026],[71.762524,41.8760778],[71.7572278,41.8747633],[71.752779,41.876551],[71.7370224,41.8724457],[71.7124824,41.8791184],[71.7029476,41.870768],[71.692605,41.8722061],[71.6888929,41.8691861],[71.679194,41.8701129],[71.6682506,41.8654469],[71.6403556,41.8706402],[71.6156364,41.8680196],[71.6131687,41.8612122],[71.6073323,41.8584634],[71.6100574,41.851543],[71.5947366,41.8484262],[71.5977407,41.8423839],[71.5927196,41.8378118],[71.5816689,41.8337511],[71.5725494,41.8334313],[71.5701451,41.8285513],[71.5491595,41.8233067],[71.5428939,41.8195488],[71.5323153,41.8181576],[71.5279164,41.8217396],[71.515192,41.8204763],[71.5076604,41.822859],[71.4912746,41.8135226],[71.4807271,41.8121165],[71.4787548,41.8084093],[71.4632976,41.8061891],[71.4615703,41.7974113],[71.4531419,41.7941565],[71.4327076,41.7917153],[71.4391956,41.7856571],[71.4217325,41.7808191],[71.4144562,41.7747146],[71.4132716,41.7613525]]]}},{"type":"Feature","properties":{"name":"Базар-Коргонский район","display_name":"Базар-Коргон району, Жалал-Абад облусу, 720800, Кыргызстан","kind":"district"},"geometry":{"type":"Polygon","coordinates":[[[72.5582243,40.9527128],[72.5641057,40.9386436],[72.5770449,40.9225864],[72.5891585,40.9124102],[72.592935,40.9050516],[72.5805713,40.8858469],[72.6113324,40.8865294],[72.6490751,40.9001978],[72.6581617,40.9004054],[72.6596365,40.9045112],[72.6744222,40.9093548],[72.6969442,40.9143363],[72.7123937,40.9078498],[72.7270422,40.9132466],[72.7376852,40.9109634],[72.7487859,40.9130564],[72.7603216,40.9163253],[72.7629766,40.9195423],[72.7741024,40.9186047],[72.791795,40.9251939],[72.8404095,40.9308486],[72.8381665,40.9453551],[72.8327878,40.9560729],[72.8205883,40.9601867],[72.8154156,40.966115],[72.8164456,40.9787993],[72.8444836,40.9726821],[72.8484662,40.9731314],[72.8610318,40.982186],[72.8512585,40.9893217],[72.8670209,41.0000685],[72.8867505,41.0182209],[72.8809598,41.0379911],[72.8835462,41.0490564],[72.8933652,41.0588427],[72.8841642,41.066367],[72.8876661,41.0752017],[72.905496,41.0985425],[72.9145597,41.1152193],[72.9368413,41.1186971],[72.943783,41.1286586],[72.9472391,41.138502],[72.9565088,41.143518],[72.9623224,41.1522562],[72.9692346,41.1555822],[72.9757578,41.168971],[72.996586,41.1772751],[72.9997446,41.1742258],[73.0031778,41.1745704],[73.0207397,41.1879525],[73.0216782,41.1997675],[73.0271713,41.2138015],[73.0179817,41.2266221],[73.0105407,41.2435252],[73.0072906,41.2455215],[73.0160796,41.2543666],[73.0344588,41.2612491],[73.0579879,41.2414772],[73.0824325,41.2486364],[73.0865981,41.2407716],[73.0960281,41.238689],[73.1085021,41.2510972],[73.1287811,41.2876022],[73.1396716,41.294876],[73.1442264,41.3015307],[73.152283,41.3038691],[73.1555789,41.2980228],[73.1680988,41.2945148],[73.1730197,41.2981948],[73.1774829,41.2942225],[73.1847156,41.2976961],[73.2105792,41.2931563],[73.2242206,41.2985043],[73.2181094,41.3110214],[73.2198489,41.3257878],[73.2166675,41.333883],[73.2312015,41.3333502],[73.2373813,41.337681],[73.2456439,41.3329549],[73.2577747,41.3391246],[73.2683261,41.3357734],[73.2788089,41.3360828],[73.2843707,41.3325768],[73.2956088,41.3347767],[73.2998889,41.3318894],[73.302727,41.3328174],[73.3095363,41.3457693],[73.3158992,41.3502711],[73.3138621,41.3573497],[73.3095134,41.3601843],[73.3063777,41.3678801],[73.3079799,41.3694089],[73.3248714,41.3636544],[73.3318751,41.3637746],[73.3438686,41.3700272],[73.3443721,41.3734453],[73.3480342,41.3734968],[73.3644221,41.3688077],[73.3856853,41.3694432],[73.4064448,41.3648225],[73.4183925,41.3611807],[73.4201778,41.3574527],[73.4342654,41.3546642],[73.4517978,41.356365],[73.4683459,41.351898],[73.4778445,41.3528086],[73.4850208,41.355418],[73.4857848,41.3585935],[73.4829998,41.3629599],[73.4775924,41.3878532],[73.4807682,41.402791],[73.4887075,41.4116748],[73.4762406,41.4211206],[73.4571628,41.4217888],[73.4466076,41.4273473],[73.4456186,41.4301552],[73.4381943,41.4316353],[73.4339671,41.4421237],[73.4290962,41.4460162],[73.4166508,41.4495547],[73.404377,41.4436035],[73.3961372,41.4458232],[73.3918886,41.4511309],[73.3824277,41.4529074],[73.3586228,41.472724],[73.3530307,41.486688],[73.3469367,41.4913333],[73.3372807,41.4940978],[73.3252776,41.4905717],[73.3182907,41.4858522],[73.3010387,41.4923298],[73.2928633,41.4981157],[73.2903099,41.500446],[73.2932925,41.5037244],[73.276577,41.5166433],[73.2429957,41.5264111],[73.2402189,41.529409],[73.2214951,41.5311178],[73.2091784,41.5274553],[73.2004149,41.5371029],[73.1774425,41.5405622],[73.1739449,41.546103],[73.1604481,41.5529118],[73.1456944,41.5479928],[73.1203314,41.5509957],[73.1029722,41.5457284],[73.0928012,41.5452145],[73.0847975,41.5577237],[73.0838227,41.5698986],[73.0683732,41.5791287],[73.0516791,41.5788879],[73.0400705,41.5817129],[73.0240294,41.5784654],[72.9864585,41.5806937],[72.9767274,41.5740082],[72.9774141,41.5651145],[72.9745817,41.5593827],[72.9759979,41.5425698],[72.9862899,41.5383323],[72.9840154,41.5335458],[72.9694962,41.5287002],[72.9639095,41.5198752],[72.9584593,41.5175295],[72.9481382,41.5050768],[72.9444045,41.4973468],[72.9305304,41.4969476],[72.9222297,41.4864224],[72.9172516,41.4839309],[72.9154277,41.4741727],[72.9227018,41.4700729],[72.9217362,41.4678541],[72.9284954,41.4612936],[72.9365849,41.4634644],[72.9392671,41.4590905],[72.9312205,41.4458384],[72.9305768,41.4398548],[72.9238176,41.4315218],[72.9183888,41.4290443],[72.9165047,41.4207218],[72.9106319,41.417383],[72.9122413,41.4110105],[72.8926289,41.4046857],[72.8768576,41.3952375],[72.8547991,41.392002],[72.8492201,41.3827935],[72.8370321,41.3823749],[72.8289603,41.3847136],[72.807524,41.3783541],[72.8047131,41.375794],[72.804241,41.3706895],[72.7959798,41.3699005],[72.7919243,41.367018],[72.7793501,41.346869],[72.7782772,41.34318],[72.7826117,41.3390558],[72.7800797,41.3336907],[72.7806805,41.3262948],[72.7778266,41.3225885],[72.7903579,41.30299],[72.787032,41.2859977],[72.777376,41.2731618],[72.7671622,41.2684042],[72.7558969,41.253129],[72.7487086,41.2252793],[72.7322519,41.2002855],[72.7164986,41.1541221],[72.7150132,41.1341049],[72.7077425,41.1045979],[72.7082506,41.0792914],[72.7047716,41.0721897],[72.7050062,41.0656472],[72.6956245,41.04634],[72.6852621,41.0422927],[72.6750824,41.0338158],[72.6798709,41.0344055],[72.6834542,41.0244531],[72.6894806,41.0221184],[72.7260444,41.035423],[72.7264306,41.0424148],[72.7399919,41.0474316],[72.7408453,41.0444464],[72.7334815,41.0357806],[72.7005051,41.0204286],[72.672219,40.997355],[72.6666162,40.9966185],[72.6283001,40.9689751],[72.5582243,40.9527128]]]}},{"type":"Feature","properties":{"name":"Чаткальский район","display_name":"Чаткал району, Жалал-Абад облусу, 721705, Кыргызстан","kind":"district"},"geometry":{"type":"Polygon","coordinates":[[[70.1689582,41.5153538],[70.1722959,41.5168219],[70.1862181,41.5091674],[70.211166,41.5042007],[70.2192644,41.4958524],[70.2291644,41.4916483],[70.2404393,41.4913852],[70.2673043,41.4981226],[70.2732101,41.5028653],[70.2763326,41.5117338],[70.3031382,41.5206138],[70.3109412,41.5105665],[70.3204878,41.5067585],[70.3250383,41.5004818],[70.3383864,41.5004045],[70.3388914,41.4972793],[70.3480089,41.4929823],[70.3634716,41.492685],[70.3726654,41.482623],[70.3719634,41.4775919],[70.3808817,41.4665986],[70.3925009,41.468351],[70.3961411,41.4710245],[70.4074555,41.4703564],[70.4110252,41.4607122],[70.4187675,41.454377],[70.4385664,41.4463687],[70.442144,41.4401414],[70.4638759,41.4269068],[70.4701399,41.4161972],[70.4691734,41.4094404],[70.4880087,41.3981736],[70.4952697,41.3975471],[70.5045567,41.4029475],[70.5137352,41.3988754],[70.5352278,41.4088561],[70.5510175,41.4097472],[70.5529062,41.420907],[70.5675679,41.4268425],[70.5664192,41.4323664],[70.5698342,41.4425466],[70.5858724,41.4429513],[70.5906916,41.4454917],[70.5909373,41.4541474],[70.5942632,41.456817],[70.6081358,41.4524849],[70.6197122,41.4595625],[70.6307758,41.4611191],[70.6382595,41.4571044],[70.6480848,41.4578896],[70.66758,41.4704299],[70.6867995,41.4718716],[70.6897713,41.4685193],[70.701573,41.4656894],[70.7171645,41.4657924],[70.7248682,41.462922],[70.7563886,41.4712243],[70.760369,41.475935],[70.7781376,41.4849241],[70.77492,41.4970465],[70.7852733,41.5048166],[70.7853112,41.5189273],[70.7902929,41.5249674],[70.7990442,41.5283311],[70.8080191,41.5360169],[70.8184014,41.5366247],[70.827073,41.5452814],[70.8343345,41.5452698],[70.8346455,41.5507829],[70.8300423,41.5534203],[70.8288421,41.5583243],[70.8432044,41.5674129],[70.8570014,41.5669731],[70.8599503,41.5714932],[70.8767085,41.5718698],[70.8817432,41.5692332],[70.8864182,41.5700403],[70.8927475,41.5752596],[70.902897,41.5761196],[70.9051626,41.5812039],[70.9051626,41.5852926],[70.9013147,41.5908334],[70.9033645,41.6021018],[70.917033,41.6032368],[70.9181208,41.6141911],[70.9354232,41.6143751],[70.9562403,41.6220273],[70.9618959,41.6206601],[70.9646457,41.6140987],[70.9755421,41.6175715],[70.990132,41.6174958],[70.9908512,41.6146459],[70.9990505,41.6119035],[70.9997698,41.6078702],[71.0156649,41.6051813],[71.02034,41.6083005],[71.0337897,41.6109893],[71.0503,41.6241738],[71.0547953,41.6236899],[71.054551,41.6151308],[71.0588855,41.6126122],[71.0657734,41.6020711],[71.0758585,41.5983645],[71.0753006,41.5881421],[71.0782617,41.5810802],[71.0872954,41.5709835],[71.0889477,41.5347734],[71.0847205,41.5283161],[71.0834838,41.518261],[71.0997578,41.503876],[71.0990532,41.4797671],[71.1105224,41.4788182],[71.1121663,41.4762011],[71.0922379,41.4493888],[71.0964865,41.4457377],[71.0968728,41.4402849],[71.1011429,41.4329816],[71.1113352,41.4232802],[71.1391658,41.4099081],[71.1498607,41.3995678],[71.174132,41.3918268],[71.173252,41.3879988],[71.1776079,41.378194],[71.1834873,41.3745712],[71.1911263,41.3646838],[71.184925,41.3589182],[71.2024559,41.3507521],[71.2046875,41.3434387],[71.2197508,41.3351739],[71.224965,41.327182],[71.243483,41.3106473],[71.2431611,41.3084069],[71.2479891,41.3087454],[71.2525596,41.3059085],[71.2470879,41.2995251],[71.2436117,41.289965],[71.2294926,41.2868693],[71.2239577,41.2831209],[71.2302662,41.2729939],[71.2405445,41.2635267],[71.2505008,41.2575263],[71.2666155,41.2598975],[71.2883093,41.2729133],[71.2979223,41.2721231],[71.3021709,41.2615911],[71.2746407,41.2507671],[71.2826015,41.2490247],[71.2848546,41.2462175],[71.2822796,41.2425067],[71.283138,41.2340678],[71.279812,41.2288554],[71.280327,41.2237233],[71.2946607,41.2083247],[71.3172342,41.2151851],[71.3275553,41.2243366],[71.3276626,41.2291136],[71.3409878,41.2319216],[71.3471891,41.2364559],[71.3482405,41.2439104],[71.340151,41.2515092],[71.3380696,41.2568972],[71.3393356,41.2707845],[71.3112046,41.2758806],[71.3037159,41.2882967],[71.2725196,41.3070868],[71.2933979,41.3167734],[71.314362,41.3337576],[71.3051352,41.3377855],[71.2678847,41.3380111],[71.2635503,41.3436819],[71.2649879,41.3505281],[71.2715977,41.3635231],[71.2758034,41.3787885],[71.2835711,41.3861784],[71.2983554,41.3943884],[71.3082903,41.3870478],[71.3175949,41.3836906],[71.3084754,41.3622262],[71.309677,41.3536095],[71.3145908,41.3469891],[71.3218006,41.3474885],[71.3337525,41.364046],[71.3588912,41.3858432],[71.3447813,41.3860741],[71.3402813,41.3963325],[71.3391225,41.4001312],[71.3419335,41.4095947],[71.34041,41.4194591],[71.343763,41.4337422],[71.2919371,41.4290325],[71.2904565,41.4249298],[71.2870448,41.4234978],[71.275013,41.4334399],[71.2171845,41.4620691],[71.2275915,41.4631947],[71.2286859,41.4653333],[71.2381916,41.4675844],[71.2368612,41.4721185],[71.2273126,41.4822628],[71.2263041,41.490975],[71.2163906,41.5030769],[71.2208967,41.5057444],[71.2227635,41.5121719],[71.198867,41.5191067],[71.1886294,41.5284388],[71.1790616,41.5251634],[71.1682469,41.5259184],[71.1616809,41.5310428],[71.1515099,41.5329864],[71.1448366,41.5375801],[71.1489566,41.5411736],[71.1465766,41.5513296],[71.1574966,41.5557431],[71.164973,41.568562],[71.1649945,41.5741485],[71.1703662,41.578737],[71.1701302,41.589972],[71.1746792,41.5989745],[71.1984625,41.6242038],[71.1970678,41.6346289],[71.1991921,41.6434649],[71.1913386,41.6536465],[71.1877981,41.6675132],[71.1898795,41.6726744],[71.1883905,41.6836969],[71.1798197,41.6928057],[71.1798558,41.6977908],[71.1826119,41.6997038],[71.1923257,41.693476],[71.2105128,41.691152],[71.2241771,41.6780845],[71.2306361,41.6770589],[71.2487414,41.6823387],[71.2556581,41.681655],[71.2637953,41.6885296],[71.2734583,41.6876561],[71.2761538,41.6903146],[71.2869356,41.6912261],[71.2922757,41.6954794],[71.2987381,41.6901675],[71.305952,41.6898138],[71.3108229,41.695566],[71.332023,41.6982577],[71.3322811,41.6951895],[71.3385253,41.6918087],[71.3389974,41.6863446],[71.3430314,41.6816652],[71.3465719,41.6787325],[71.3545327,41.6775946],[71.354919,41.6825306],[71.3623219,41.6850946],[71.3592661,41.6922534],[71.3802554,41.7064614],[71.3896024,41.7292483],[71.3973201,41.7317442],[71.402208,41.7305923],[71.4174719,41.739295],[71.4288769,41.7402548],[71.4279352,41.7601691],[71.4132716,41.7613525],[71.4144562,41.7747146],[71.4217325,41.7808191],[71.4391956,41.7856571],[71.4327076,41.7917153],[71.4531419,41.7941565],[71.4615703,41.7974113],[71.4632976,41.8061891],[71.4787548,41.8084093],[71.4807271,41.8121165],[71.4912746,41.8135226],[71.5076604,41.822859],[71.515192,41.8204763],[71.5279164,41.8217396],[71.5323153,41.8181576],[71.5428939,41.8195488],[71.5491595,41.8233067],[71.5701451,41.8285513],[71.5725494,41.8334313],[71.5816689,41.8337511],[71.5927196,41.8378118],[71.5977407,41.8423839],[71.5947366,41.8484262],[71.6100574,41.851543],[71.6073323,41.8584634],[71.6131687,41.8612122],[71.6156364,41.8680196],[71.6403556,41.8706402],[71.6682506,41.8654469],[71.679194,41.8701129],[71.6888929,41.8691861],[71.692605,41.8722061],[71.7029476,41.870768],[71.7124824,41.8791184],[71.7370224,41.8724457],[71.752779,41.876551],[71.7572278,41.8747633],[71.762524,41.8760778],[71.7645719,41.8776026],[71.7592051,41.8835963],[71.7594169,41.888906],[71.7614648,41.8929537],[71.7748817,41.8986831],[71.7789068,41.9045171],[71.777777,41.9108236],[71.7854035,41.9103506],[71.78844,41.9168667],[71.7940892,41.9173921],[71.7952191,41.921438],[71.813791,41.9206499],[71.8146384,41.9258515],[71.8386469,41.9388244],[71.836617,41.9427498],[71.8394065,41.94425],[71.8405915,41.9499261],[71.8463938,41.9513306],[71.8512373,41.9563623],[71.8645693,41.9788422],[71.8763167,41.9807114],[71.8775878,41.9926264],[71.8830958,41.9923639],[71.9029388,42.0003935],[71.9083056,42.0071102],[71.9208803,42.0110354],[71.9159207,42.0226624],[71.9177284,42.0258669],[71.9142743,42.0275761],[71.9163254,42.0301346],[71.9139404,42.0347046],[71.9189661,42.038099],[71.9153244,42.0436171],[71.9213125,42.0436716],[71.9226323,42.0472472],[71.9403013,42.0476619],[71.9441035,42.0526926],[71.9480412,42.0532637],[71.9527248,42.0595001],[71.9504435,42.0647993],[71.9529149,42.0774489],[71.9558313,42.0805937],[71.95918,42.0797348],[71.9705175,42.0850708],[71.9811103,42.097431],[71.975,42.1016021],[71.9742912,42.1054646],[71.9609819,42.1056983],[71.9430272,42.1112525],[71.9367662,42.1157987],[71.9147701,42.1203691],[71.8918568,42.1340834],[71.8830259,42.133736],[71.868586,42.1405347],[71.8619772,42.1387538],[71.8603706,42.1450174],[71.8516251,42.1461104],[71.8439282,42.1603661],[71.8389923,42.1518446],[71.8277623,42.1464659],[71.816168,42.144501],[71.796822,42.1521884],[71.7968551,42.155995],[71.787414,42.1547916],[71.7836706,42.1569527],[71.7768486,42.1523773],[71.7703343,42.1529424],[71.7653684,42.1552867],[71.757472,42.1546544],[71.7561508,42.157239],[71.7455721,42.1583485],[71.7252323,42.16682],[71.7096151,42.1665105],[71.6986501,42.1761325],[71.6935432,42.1852913],[71.6878569,42.1849097],[71.6825354,42.1884235],[71.6747034,42.1893774],[71.6699827,42.1949258],[71.6607773,42.1968334],[71.6499841,42.2079125],[71.62799,42.2068634],[71.6186345,42.2085323],[71.6064894,42.2149054],[71.5994942,42.2113772],[71.5934861,42.2113931],[71.5846026,42.2045746],[71.5612352,42.1965949],[71.5267742,42.1979303],[71.5073433,42.2020426],[71.4942112,42.1981799],[71.490263,42.1913918],[71.4910712,42.1867348],[71.4837635,42.1844059],[71.4651682,42.1887526],[71.4614455,42.1855414],[71.4521741,42.1837002],[71.4465547,42.1876822],[71.4368313,42.1901111],[71.4224961,42.1879704],[71.3984374,42.1971916],[71.3921675,42.2035998],[71.3878594,42.2036995],[71.3814697,42.2084326],[71.3764434,42.2065888],[71.3475516,42.2082372],[71.3434268,42.2108301],[71.3244767,42.2079161],[71.3038751,42.2111132],[71.2939278,42.2186476],[71.2841723,42.2118554],[71.2825137,42.2069808],[71.2729693,42.2043219],[71.2671899,42.2053285],[71.2654488,42.2002015],[71.2690927,42.1963697],[71.2585389,42.1895835],[71.2562006,42.1835196],[71.2504953,42.1818215],[71.2543943,42.1753099],[71.25921,42.1726247],[71.2583621,42.1679359],[71.2536388,42.1651456],[71.247215,42.1660205],[71.2377535,42.1531779],[71.2202102,42.1487689],[71.2265943,42.1436794],[71.222736,42.1395691],[71.2101756,42.13604],[71.1995186,42.1376394],[71.1953726,42.1435494],[71.1831911,42.1416626],[71.1755491,42.144058],[71.1527121,42.1302841],[71.1411237,42.1339664],[71.1298427,42.1165025],[71.117081,42.1127097],[71.1076323,42.1158185],[71.1035554,42.1128948],[71.0996664,42.0946194],[71.0845694,42.0943605],[71.0681608,42.0852068],[71.0563691,42.0852393],[71.0564517,42.0828266],[71.0494282,42.0810627],[71.0460831,42.0751218],[71.0467266,42.0712031],[71.0401427,42.0636521],[71.0289571,42.0677232],[71.0246665,42.0611812],[71.0153554,42.0611149],[71.0064468,42.0569845],[71.0134782,42.0523595],[71.0020894,42.044104],[71.0021605,42.0410171],[70.9927462,42.0304072],[70.9792372,42.0329253],[70.9422029,42.0311812],[70.9144519,42.0419139],[70.9005941,42.0409313],[70.8934816,42.0503412],[70.8881354,42.0519242],[70.8853225,42.0473242],[70.8789916,42.0461255],[70.8651702,42.0541323],[70.8607589,42.0482911],[70.8613337,42.042792],[70.8556322,42.0398977],[70.859114,42.0267999],[70.8469238,42.0185016],[70.8472926,42.0157614],[70.8422799,42.0125681],[70.8422621,42.0056035],[70.8378758,41.9997011],[70.8453239,41.9920861],[70.8520336,41.9889848],[70.8485704,41.9765459],[70.8529442,41.9572609],[70.8557755,41.9553271],[70.8554983,41.9505496],[70.8519226,41.9478902],[70.8539149,41.9415169],[70.8458076,41.9388924],[70.8447193,41.9336182],[70.8348048,41.9231054],[70.8261011,41.9264101],[70.8155783,41.9265491],[70.8068604,41.9206212],[70.7900151,41.9291108],[70.7803316,41.9266271],[70.7732782,41.9283818],[70.766662,41.935587],[70.7572325,41.9364243],[70.7573258,41.9181476],[70.7526847,41.9127357],[70.7384731,41.9138927],[70.730363,41.9205009],[70.7137386,41.9204959],[70.6939052,41.914558],[70.6872449,41.9155668],[70.6782903,41.9128709],[70.6734235,41.9084155],[70.6649614,41.9069509],[70.6607789,41.9011266],[70.6619818,41.8938965],[70.6543472,41.8843513],[70.6491855,41.882237],[70.6459308,41.8741802],[70.6379668,41.8721357],[70.639736,41.8683083],[70.6312192,41.8599074],[70.6287543,41.853324],[70.6033611,41.8507165],[70.5977481,41.8353067],[70.5966606,41.824367],[70.5993242,41.8198265],[70.5941532,41.8179508],[70.5785299,41.8197525],[70.5691104,41.8106463],[70.5542699,41.8077586],[70.5356944,41.7992559],[70.5275022,41.7985755],[70.5152456,41.7843114],[70.5149265,41.7803268],[70.5086934,41.7720535],[70.5089031,41.7613057],[70.5047453,41.7506422],[70.5088897,41.7467959],[70.5059339,41.742897],[70.5067044,41.7365869],[70.5034335,41.7341613],[70.4966927,41.7196874],[70.4758369,41.7223376],[70.4668041,41.7206278],[70.4498127,41.7025461],[70.4363982,41.7004228],[70.4197291,41.6904113],[70.4102839,41.6898414],[70.3965693,41.6841771],[70.3856691,41.6738805],[70.3758151,41.6572242],[70.3670735,41.6474849],[70.3503868,41.6429284],[70.3418996,41.6381553],[70.3220284,41.63684],[70.3018455,41.6312249],[70.2926142,41.6216872],[70.2789478,41.6197336],[70.2752032,41.6130176],[70.2658428,41.6074629],[70.2571576,41.6124423],[70.2493398,41.612574],[70.2406557,41.6171152],[70.2272339,41.6106787],[70.2092461,41.611957],[70.2107979,41.6073282],[70.2082837,41.6041965],[70.2157815,41.5950335],[70.2147129,41.5858411],[70.2086188,41.5733038],[70.191723,41.5690831],[70.1879518,41.5622489],[70.1792873,41.5574959],[70.1875726,41.5449556],[70.1845308,41.5423512],[70.1813669,41.5273486],[70.1749146,41.5251752],[70.1689582,41.5153538]]]}},{"type":"Feature","properties":{"name":"Ноокенский район","display_name":"Ноокен району, Жалал-Абад облусу, Кыргызстан","kind":"district"},"geometry":{"type":"Polygon","coordinates":[[[72.1456696,41.1376112],[72.150873,41.1368918],[72.1500316,41.1253403],[72.1788734,41.116658],[72.1795416,41.1064281],[72.1858323,41.1040003],[72.1865785,41.101634],[72.1900275,41.1021638],[72.193111,41.0861373],[72.2014885,41.0729437],[72.2031965,41.0645179],[72.2073834,41.0619172],[72.2101149,41.0508166],[72.2077584,41.028469],[72.1974706,41.0310679],[72.1823984,41.0069025],[72.1615341,41.0134009],[72.1590306,41.0053223],[72.165758,41.0021443],[72.1715366,40.9948431],[72.1720025,40.9878719],[72.1822387,40.9926372],[72.1845236,40.9968748],[72.2089114,40.9975941],[72.2135658,40.9999663],[72.238485,41.0020802],[72.2420222,41.0050831],[72.2466062,41.0037801],[72.2442931,41.0025746],[72.2460494,41.001043],[72.2598574,41.0059286],[72.2659062,41.0115272],[72.2707605,41.0110914],[72.2790135,41.0159931],[72.2883373,41.0241047],[72.2897313,41.0284269],[72.3017799,41.029051],[72.3082327,41.0324555],[72.3123801,41.0301088],[72.3302884,41.036926],[72.3325475,41.0416721],[72.3394453,41.0446147],[72.3471924,41.0594246],[72.3503922,41.0603506],[72.3571209,41.0491514],[72.361967,41.0457147],[72.3605774,41.0442376],[72.3771564,41.0409648],[72.3813613,41.0315695],[72.3900325,41.0284111],[72.4167797,41.0263959],[72.4261217,41.0344539],[72.4443739,41.0316025],[72.4530143,41.0274772],[72.4864654,41.002644],[72.4880151,40.9984228],[72.4854886,40.9908552],[72.4981578,40.9862824],[72.5016049,40.9871552],[72.4878036,40.9745158],[72.4957888,40.9674725],[72.4997109,40.9672877],[72.5055678,40.9710014],[72.5075762,40.9684225],[72.5196801,40.9694521],[72.5248726,40.9660405],[72.5210707,40.9618665],[72.525116,40.9595779],[72.5291948,40.9639278],[72.531547,40.9613308],[72.5380957,40.9616605],[72.5448272,40.9658019],[72.551467,40.9618205],[72.5507014,40.9562657],[72.5582243,40.9527128],[72.6283001,40.9689751],[72.6666162,40.9966185],[72.672219,40.997355],[72.7005051,41.0204286],[72.7334815,41.0357806],[72.7408453,41.0444464],[72.7399919,41.0474316],[72.7264306,41.0424148],[72.7260444,41.035423],[72.6894806,41.0221184],[72.6834542,41.0244531],[72.6798709,41.0344055],[72.6750824,41.0338158],[72.6852621,41.0422927],[72.6956245,41.04634],[72.7050062,41.0656472],[72.7047716,41.0721897],[72.7082506,41.0792914],[72.7077425,41.1045979],[72.7150132,41.1341049],[72.7164986,41.1541221],[72.7322519,41.2002855],[72.7487086,41.2252793],[72.7558969,41.253129],[72.7671622,41.2684042],[72.777376,41.2731618],[72.787032,41.2859977],[72.7903579,41.30299],[72.7778266,41.3225885],[72.7806805,41.3262948],[72.7800797,41.3336907],[72.7826117,41.3390558],[72.7784489,41.3448715],[72.7919243,41.367018],[72.7959798,41.3699005],[72.804241,41.3706895],[72.8047131,41.375794],[72.807524,41.3783541],[72.8289603,41.3847136],[72.8370321,41.3823749],[72.8492201,41.3827935],[72.8547991,41.392002],[72.8768576,41.3952375],[72.8926289,41.4046857],[72.9122413,41.4110105],[72.9106319,41.417383],[72.9165047,41.4207218],[72.9183888,41.4290443],[72.9238176,41.4315218],[72.9305768,41.4398548],[72.9312205,41.4458384],[72.9392671,41.4590905],[72.9365849,41.4634644],[72.9284954,41.4612936],[72.9217362,41.4678541],[72.9227018,41.4700729],[72.9148912,41.4753464],[72.9172516,41.4839309],[72.9222297,41.4864224],[72.9305304,41.4969476],[72.9173716,41.4961457],[72.9024766,41.4991121],[72.8926094,41.493076],[72.8721874,41.4948005],[72.8657071,41.4888736],[72.8650205,41.4725568],[72.8603213,41.4684408],[72.8425972,41.4662541],[72.8237145,41.4698075],[72.8122561,41.4641798],[72.7991454,41.4643567],[72.7961199,41.4637939],[72.7944248,41.4603849],[72.7840607,41.4593236],[72.7816042,41.4632335],[72.7760252,41.4635069],[72.7591596,41.4530063],[72.755662,41.4533601],[72.7555762,41.4617586],[72.7530656,41.4641546],[72.7336679,41.4680457],[72.7243081,41.4623887],[72.711927,41.4687883],[72.7029791,41.4640771],[72.6979795,41.4647685],[72.6949266,41.4595397],[72.6807216,41.4559214],[72.6662865,41.4455666],[72.6484981,41.4404999],[72.6394859,41.4482848],[72.6291862,41.4529972],[72.6129642,41.4473037],[72.6103678,41.4422049],[72.5780955,41.4457436],[72.5759926,41.4479632],[72.5817647,41.4499575],[72.5807777,41.4557472],[72.5697914,41.4594781],[72.5637832,41.4576288],[72.56035,41.4601053],[72.5495997,41.4606038],[72.5341073,41.470171],[72.4796477,41.4698977],[72.464799,41.4730972],[72.419931,41.4904104],[72.4125495,41.4949911],[72.4085958,41.5029565],[72.4010718,41.503178],[72.3925102,41.5093647],[72.3837876,41.5051867],[72.3743462,41.509903],[72.3691428,41.5090112],[72.3634699,41.4974588],[72.3441902,41.4965126],[72.3427445,41.4876042],[72.3384368,41.4841965],[72.3174888,41.4896496],[72.3124719,41.4806369],[72.3010415,41.478976],[72.2920507,41.473112],[72.2932577,41.4699486],[72.2993141,41.4671389],[72.2963369,41.4606427],[72.2764134,41.4502055],[72.2611248,41.4501573],[72.2513616,41.4268324],[72.2347963,41.4232203],[72.2274041,41.4128978],[72.2270501,41.4070077],[72.2336979,41.4033459],[72.2352,41.4000946],[72.2364231,41.3906136],[72.2339038,41.3880253],[72.2391951,41.3782396],[72.2396511,41.3740834],[72.2352011,41.3688385],[72.2347306,41.3627304],[72.2430323,41.3557561],[72.2368977,41.3537099],[72.2264735,41.339962],[72.2163159,41.3408322],[72.2150338,41.3374529],[72.2091114,41.3342307],[72.2021934,41.3260711],[72.2065362,41.3248585],[72.2019872,41.3110955],[72.2083172,41.3033747],[72.2106232,41.2963516],[72.2170038,41.2975415],[72.2124156,41.2917676],[72.2184078,41.2890465],[72.2256336,41.2798359],[72.2244319,41.2779169],[72.2290239,41.2729984],[72.2293028,41.2678536],[72.2407183,41.2645424],[72.238594,41.2456201],[72.2344741,41.2318243],[72.2142181,41.2223188],[72.2075662,41.2096803],[72.2010431,41.2036426],[72.1853505,41.2046345],[72.1859622,41.208454],[72.1775556,41.2127723],[72.1627307,41.2000012],[72.1594477,41.1907737],[72.1691143,41.1730011],[72.1638402,41.1641074],[72.1664541,41.1621127],[72.1685594,41.1639959],[72.17674,41.1567713],[72.1648945,41.1446447],[72.1456696,41.1376112]],[[72.3937331,41.175464],[72.3961821,41.191639],[72.3988372,41.1933441],[72.4038954,41.2062429],[72.4270583,41.2300708],[72.4244719,41.2306388],[72.4256621,41.2338748],[72.4274932,41.2328421],[72.4332381,41.2404669],[72.4277678,41.2474369],[72.432849,41.2491577],[72.4376784,41.2450276],[72.4446593,41.2490717],[72.4317046,41.2708884],[72.4350005,41.2715077],[72.4387541,41.2677575],[72.4373351,41.266536],[72.4398299,41.2655382],[72.4479323,41.2505344],[72.4590789,41.2624929],[72.4517089,41.2710433],[72.4567671,41.2722474],[72.4616652,41.2652285],[72.465808,41.2658822],[72.4663115,41.2767715],[72.4707061,41.2781648],[72.474803,41.2848212],[72.4669066,41.2904278],[72.4749404,41.2925775],[72.4792891,41.2982866],[72.4773436,41.2990948],[72.4914885,41.3087751],[72.4873229,41.3200869],[72.4908934,41.3300047],[72.4946471,41.3301422],[72.4919921,41.321548],[72.4948302,41.3190555],[72.4984694,41.3223388],[72.4966613,41.3277359],[72.5038024,41.3227857],[72.5131636,41.3280109],[72.5273772,41.3313796],[72.5299407,41.3280797],[72.5158187,41.3190899],[72.4976912,41.3127637],[72.5021087,41.3081905],[72.50101,41.3040125],[72.5124312,41.2997654],[72.5144225,41.2969454],[72.49364,41.3015193],[72.47993,41.2955181],[72.4810973,41.2922851],[72.4770919,41.2885876],[72.4781447,41.2733484],[72.481372,41.2723506],[72.4819442,41.2693402],[72.4740477,41.2671897],[72.4772063,41.2638005],[72.4720565,41.2601358],[72.4730178,41.2573657],[72.4414092,41.2342879],[72.4317961,41.2203961],[72.429988,41.2213429],[72.4219084,41.2165912],[72.4152938,41.2061052],[72.4048339,41.1978392],[72.3971434,41.1672975],[72.3939391,41.1675214],[72.3960677,41.1752745],[72.3937331,41.175464]]]}},{"type":"Feature","properties":{"name":"Сузакский район","display_name":"Сузак району, Жалал-Абад облусу, Кыргызстан","kind":"district"},"geometry":{"type":"Polygon","coordinates":[[[72.5728213,40.8775413],[72.5961673,40.8702897],[72.6085269,40.87318],[72.6165835,40.866828],[72.6297671,40.8623276],[72.6763633,40.851661],[72.6916925,40.8509631],[72.6977214,40.8546152],[72.712603,40.8486927],[72.8340074,40.85598],[72.8806906,40.8374103],[72.8997831,40.8219481],[72.9003122,40.8155444],[72.9160853,40.8066043],[72.9390539,40.8004244],[72.9581335,40.8049997],[72.9587717,40.8158528],[72.9660324,40.8213966],[72.9761924,40.8197384],[72.9759448,40.822559],[72.9804686,40.826654],[72.9799137,40.8294928],[72.9946883,40.8314328],[72.9977731,40.8339249],[72.9999376,40.8428981],[73.0058804,40.8396105],[73.0138517,40.8452798],[73.0216246,40.8465431],[73.0292671,40.8389572],[73.0435637,40.8469193],[73.0467798,40.8440811],[73.0574987,40.8442123],[73.0623652,40.841225],[73.1144918,40.8442987],[73.1212941,40.8384036],[73.1539824,40.8522547],[73.1633894,40.8690804],[73.1734145,40.8673323],[73.17964,40.8695304],[73.1834853,40.8677477],[73.1969893,40.8713997],[73.2100584,40.8663457],[73.2160552,40.868215],[73.2223265,40.8739092],[73.2267439,40.8857807],[73.2309554,40.8886877],[73.2308867,40.8938957],[73.2354643,40.898913],[73.2412093,40.9180618],[73.2364943,40.9250142],[73.2436354,40.9318621],[73.2324202,40.935061],[73.2230361,40.945452],[73.2292616,40.9581231],[73.225096,40.9720532],[73.2253706,40.9808315],[73.2305892,40.9940486],[73.2267897,41.0045513],[73.2376845,41.0138433],[73.2505705,41.0182816],[73.254677,41.0172249],[73.3203483,41.0420709],[73.3238276,41.0371137],[73.3266428,41.0252003],[73.3401468,41.0188802],[73.3691233,41.0190356],[73.370199,41.0343514],[73.3760584,41.040601],[73.374296,41.0509409],[73.3985319,41.0581401],[73.4096703,41.0528033],[73.4107163,41.0730219],[73.4065964,41.0786984],[73.4213135,41.0842365],[73.4257081,41.103573],[73.4454148,41.0884976],[73.4661973,41.0883251],[73.4699509,41.0905676],[73.4910996,41.0905504],[73.4972794,41.0925341],[73.5022575,41.0904832],[73.5034706,41.0874816],[73.509742,41.0881544],[73.5153725,41.0847559],[73.521209,41.0867916],[73.5248711,41.0830997],[73.5348961,41.0819956],[73.5409844,41.0839968],[73.5502083,41.0809777],[73.5577156,41.0847042],[73.57463,41.0749045],[73.574836,41.0726786],[73.5819771,41.072092],[73.5868294,41.0740072],[73.596328,41.0838933],[73.6059868,41.0873781],[73.6158974,41.0945024],[73.6119606,41.0992113],[73.5946571,41.1061445],[73.5891031,41.126715],[73.5860361,41.1299217],[73.6223826,41.1363863],[73.6336664,41.1415058],[73.6410517,41.1422157],[73.6463965,41.1315759],[73.6558168,41.1252129],[73.6620872,41.11394],[73.6708076,41.1114396],[73.6711967,41.1081802],[73.6748359,41.1055933],[73.6890037,41.1029374],[73.6838539,41.0898457],[73.6739204,41.0829796],[73.6674431,41.0832384],[73.6625908,41.0761819],[73.6497276,41.0746808],[73.6044777,41.0501751],[73.6012962,41.0424073],[73.5942238,41.0393344],[73.5791677,41.018579],[73.5653432,41.0079576],[73.5618184,41.001964],[73.5622533,40.9982847],[73.5768789,40.9978183],[73.5827153,40.9929812],[73.5927633,40.9965572],[73.6098607,40.9875737],[73.6101125,40.9816128],[73.6062673,40.9744936],[73.6028341,40.957591],[73.6159719,40.9636059],[73.6433233,40.9621022],[73.6555913,40.9540993],[73.6616338,40.9551364],[73.6687749,40.9525263],[73.6790975,40.9444703],[73.6920288,40.9428],[73.7024836,40.9512311],[73.7000283,40.9536053],[73.7009161,40.9584615],[73.6965218,40.958412],[73.6953223,40.9612084],[73.6977763,40.9903967],[73.6998812,40.9954367],[73.706127,40.9975437],[73.710263,41.0039459],[73.7098749,41.0138268],[73.7153642,41.0174566],[73.7160288,41.0214743],[73.7213005,41.0229985],[73.728379,41.0341124],[73.74173,41.0376493],[73.7450573,41.045645],[73.7494514,41.043858],[73.7557664,41.0454857],[73.7604762,41.0480199],[73.7608567,41.0505525],[73.7702598,41.0524516],[73.7772954,41.0612552],[73.7916912,41.0692779],[73.7931443,41.0731669],[73.7892936,41.0858346],[73.8111283,41.1043833],[73.8108254,41.1084808],[73.8041225,41.1157965],[73.8118238,41.1236096],[73.8172674,41.1256918],[73.8163003,41.1382214],[73.8197564,41.1441337],[73.8115167,41.161557],[73.81186,41.1666057],[73.7952775,41.1749155],[73.7877473,41.1728998],[73.7792329,41.1787055],[73.7563676,41.1854582],[73.7580842,41.1979109],[73.7552232,41.2054709],[73.7584962,41.2112909],[73.7557496,41.2244101],[73.7531632,41.2255118],[73.7351731,41.2203989],[73.7169083,41.2255463],[73.7077302,41.2328793],[73.7052627,41.2412133],[73.7099214,41.253711],[73.7005248,41.2660779],[73.694551,41.2680907],[73.6846862,41.2672821],[73.6759901,41.2622916],[73.6560989,41.2663359],[73.6531692,41.2721678],[73.6406265,41.2799084],[73.6378341,41.2845868],[73.6250167,41.289282],[73.6173492,41.3085408],[73.6103511,41.3146356],[73.6013603,41.3147807],[73.5862219,41.3076325],[73.5739374,41.3073021],[73.5437035,41.2876748],[73.5362577,41.287965],[73.529166,41.2959617],[73.5224604,41.2968967],[73.5223961,41.3017168],[73.5266691,41.3076445],[73.5196653,41.3094153],[73.5130083,41.3174238],[73.5020113,41.3233461],[73.4940398,41.3359385],[73.494941,41.3424472],[73.4897804,41.3461443],[73.4850208,41.355418],[73.4723285,41.3519152],[73.4517978,41.356365],[73.4342654,41.3546642],[73.4201778,41.3574527],[73.4183925,41.3611807],[73.4064448,41.3648225],[73.3856853,41.3694432],[73.3644221,41.3688077],[73.3480342,41.3734968],[73.3443721,41.3734453],[73.3438686,41.3700272],[73.3318751,41.3637746],[73.3248714,41.3636544],[73.3079799,41.3694089],[73.3063777,41.3678801],[73.3095134,41.3601843],[73.3138621,41.3573497],[73.3158992,41.3502711],[73.3095363,41.3457693],[73.302727,41.3328174],[73.2998889,41.3318894],[73.2956088,41.3347767],[73.2843707,41.3325768],[73.2788089,41.3360828],[73.2683261,41.3357734],[73.2577747,41.3391246],[73.2456439,41.3329549],[73.2373813,41.337681],[73.2312015,41.3333502],[73.2166675,41.333883],[73.2198489,41.3257878],[73.2181094,41.3110214],[73.2242206,41.2985043],[73.2105792,41.2931563],[73.1847156,41.2976961],[73.1774829,41.2942225],[73.1730197,41.2981948],[73.1680988,41.2945148],[73.1555789,41.2980228],[73.152283,41.3038691],[73.1442264,41.3015307],[73.1396716,41.294876],[73.1287811,41.2876022],[73.1085021,41.2510972],[73.0960281,41.238689],[73.0865981,41.2407716],[73.0824325,41.2486364],[73.0579879,41.2414772],[73.0344588,41.2612491],[73.0160796,41.2543666],[73.0125091,41.249101],[73.0080688,41.2473457],[73.0073592,41.2448332],[73.0105407,41.2435252],[73.0179817,41.2266221],[73.0271713,41.2138015],[73.0216782,41.1997675],[73.0207397,41.1879525],[73.0031778,41.1745704],[72.9997446,41.1742258],[72.996586,41.1772751],[72.9757578,41.168971],[72.9692346,41.1555822],[72.9623224,41.1522562],[72.9565088,41.143518],[72.9472391,41.138502],[72.943783,41.1286586],[72.9368413,41.1186971],[72.9145597,41.1152193],[72.905496,41.0985425],[72.8876661,41.0752017],[72.8841642,41.066367],[72.8933652,41.0588427],[72.8835462,41.0490564],[72.8809598,41.0379911],[72.8867505,41.0182209],[72.8670209,41.0000685],[72.8512585,40.9893217],[72.8610318,40.982186],[72.8484662,40.9731314],[72.8444836,40.9726821],[72.8164456,40.9787993],[72.8154156,40.966115],[72.8205883,40.9601867],[72.8327878,40.9560729],[72.8381665,40.9453551],[72.8404095,40.9308486],[72.791795,40.9251939],[72.7741024,40.9186047],[72.7629766,40.9195423],[72.7603216,40.9163253],[72.7487859,40.9130564],[72.7376852,40.9109634],[72.7270422,40.9132466],[72.7123937,40.9078498],[72.6969442,40.9143363],[72.6744222,40.9093548],[72.6596365,40.9045112],[72.6581617,40.9004054],[72.6490751,40.9001978],[72.6113324,40.8865294],[72.5805713,40.8858469],[72.5728213,40.8775413]],[[72.9468855,40.9323632],[72.9480757,40.9359252],[72.9578589,40.9374465],[72.9605025,40.9420196],[72.9572295,40.942132],[72.9632605,40.9490818],[72.9680842,40.9476086],[72.9708537,40.9577902],[72.9651317,40.9596397],[72.9782409,40.9705932],[72.9820613,40.9707095],[72.9803772,40.9636829],[72.9854854,40.9618387],[72.9838928,40.9579189],[72.9887319,40.954521],[72.9876961,40.9600089],[72.990237,40.9631865],[72.9902532,40.9587011],[73.0001419,40.9532254],[73.0015337,40.9547166],[72.9953189,40.9582],[72.9975686,40.9606811],[72.9942993,40.9629421],[72.9959663,40.9648486],[73.0088491,40.9545088],[73.0117623,40.9565622],[73.0164234,40.9530176],[73.0101924,40.9467712],[73.0232856,40.9498273],[73.0295004,40.9566478],[73.0365891,40.952272],[73.0284237,40.9416441],[73.0255621,40.9303153],[73.0210205,40.9254722],[73.0220232,40.9236754],[73.0247907,40.9247637],[73.0222174,40.9218533],[73.0242243,40.9149313],[73.0301477,40.9160809],[73.031313,40.9093418],[73.0187863,40.9104916],[73.0133969,40.9042289],[73.0074734,40.9137816],[72.9979084,40.9131212],[72.9963224,40.9194196],[72.9909815,40.9242868],[72.9843621,40.9241767],[72.9796363,40.9269892],[72.9746191,40.9216943],[72.9698653,40.9212437],[72.9702086,40.9285416],[72.9685835,40.9290431],[72.970735,40.9323286],[72.9468855,40.9323632]],[[73.1707919,41.029513],[73.1725314,41.0329316],[73.1776355,41.0324482],[73.1814807,41.0368334],[73.1758502,41.0434453],[73.1868823,41.0407351],[73.2003863,41.0411148],[73.2037051,41.0438424],[73.2187198,41.0414083],[73.2168658,41.0393195],[73.2136615,41.0400963],[73.2138217,41.0360565],[73.2109378,41.0332251],[73.2172321,41.0350379],[73.2208484,41.0298238],[73.2152637,41.0296166],[73.215195,41.022727],[73.2126086,41.0214837],[73.2120364,41.0177709],[73.19574,41.0247301],[73.1863559,41.0235041],[73.1880496,41.0214146],[73.1846164,41.0211556],[73.1907733,41.0154395],[73.18837,41.0135916],[73.1786426,41.0246437],[73.1726459,41.0265777],[73.1707919,41.029513]]]}},{"type":"Feature","properties":{"name":"Тогуз-Тороуский район","display_name":"Тогуз-торо району, Жалал-Абад облусу, 721500, Кыргызстан","kind":"district"},"geometry":{"type":"Polygon","coordinates":[[[73.3730721,41.4597743],[73.3824277,41.4529074],[73.3918886,41.4511309],[73.3961372,41.4458232],[73.4003215,41.4444721],[73.4077887,41.4444078],[73.4166508,41.4495547],[73.4290962,41.4460162],[73.4339671,41.4421237],[73.4381943,41.4316353],[73.4456186,41.4301552],[73.4466076,41.4273473],[73.4571628,41.4217888],[73.4762406,41.4211206],[73.4877848,41.4129783],[73.4888148,41.4098724],[73.4834718,41.4073135],[73.4807682,41.402791],[73.4775924,41.3878532],[73.4829998,41.3629599],[73.4857893,41.3598033],[73.4850208,41.355418],[73.4897804,41.3461443],[73.494941,41.3424472],[73.4940398,41.3359385],[73.5020113,41.3233461],[73.5130083,41.3174238],[73.5196653,41.3094153],[73.5266691,41.3076445],[73.5223961,41.3017168],[73.5224604,41.2968967],[73.529166,41.2959617],[73.5362577,41.287965],[73.5437035,41.2876748],[73.5739374,41.3073021],[73.5862219,41.3076325],[73.6013603,41.3147807],[73.6103511,41.3146356],[73.6173492,41.3085408],[73.6250167,41.289282],[73.6378341,41.2845868],[73.6406265,41.2799084],[73.6531692,41.2721678],[73.6560989,41.2663359],[73.6759901,41.2622916],[73.6846862,41.2672821],[73.694551,41.2680907],[73.7005248,41.2660779],[73.7099214,41.253711],[73.7052627,41.2412133],[73.7077302,41.2328793],[73.7169083,41.2255463],[73.7351731,41.2203989],[73.7531632,41.2255118],[73.7557496,41.2244101],[73.7584962,41.2112909],[73.7552232,41.2054709],[73.7580842,41.1979109],[73.7563676,41.1854582],[73.7792329,41.1787055],[73.7877473,41.1728998],[73.7952775,41.1749155],[73.81186,41.1666057],[73.8115167,41.161557],[73.8197564,41.1441337],[73.8163003,41.1382214],[73.8172674,41.1256918],[73.8354398,41.1206877],[73.8560628,41.1210689],[73.8612556,41.1180299],[73.8626075,41.113358],[73.8497329,41.1003265],[73.8498187,41.0975938],[73.8583803,41.0876968],[73.8743663,41.0858855],[73.8811839,41.081321],[73.8883352,41.0807584],[73.8931417,41.0752265],[73.8822627,41.0664909],[73.8847732,41.0635465],[73.8814044,41.0382543],[73.8880133,41.0344993],[73.887155,41.0232654],[73.8792372,41.0160611],[73.8785076,41.0089046],[73.8974547,41.0065729],[73.9035058,40.9998525],[73.909471,40.9998525],[73.9138698,40.9958686],[73.9376449,41.0029294],[73.9466572,40.9952613],[73.9502191,40.9942652],[73.9519465,40.9962006],[73.9613392,40.9924209],[73.9835429,40.9914471],[73.9897227,40.9960791],[73.9983916,40.9883697],[74.0057516,40.9878514],[74.011352,40.9783915],[74.0165741,40.9747836],[74.0199137,40.981599],[74.027102,40.9863937],[74.029634,40.9952532],[74.0346765,40.9977149],[74.0412426,41.0120296],[74.0599261,41.0282415],[74.073144,41.032709],[74.077972,41.0381474],[74.0764056,41.0448152],[74.0823065,41.048602],[74.0831219,41.0526313],[74.08383,41.0595404],[74.0807265,41.0644665],[74.0595478,41.0807238],[74.0572089,41.0907997],[74.0373391,41.1079236],[74.031803,41.1248168],[74.0427528,41.1413111],[74.0533958,41.1456256],[74.0734587,41.1486794],[74.0851531,41.1649644],[74.0997229,41.1706341],[74.1056667,41.1692612],[74.1326819,41.1810515],[74.1435824,41.1889321],[74.1460715,41.1960852],[74.169058,41.1975877],[74.1862027,41.1929537],[74.2043774,41.198621],[74.2113726,41.1966512],[74.2190544,41.1996382],[74.2380659,41.1997996],[74.2461555,41.2034645],[74.2503397,41.2024151],[74.2584078,41.2068869],[74.2820756,41.2090017],[74.2962162,41.208469],[74.3013446,41.2032384],[74.3122451,41.2024635],[74.3337671,41.1934381],[74.3410628,41.1955533],[74.3440025,41.2000095],[74.349045,41.2004777],[74.35589,41.2066932],[74.3608253,41.2132633],[74.3587868,41.2157168],[74.3648808,41.2186383],[74.3667261,41.2166691],[74.3744449,41.2188749],[74.3629006,41.2311082],[74.3498115,41.233319],[74.3416575,41.2373208],[74.3431596,41.2463078],[74.3403057,41.2511155],[74.330521,41.2544548],[74.3239121,41.2602458],[74.3192772,41.2741163],[74.3178305,41.2885188],[74.3194003,41.3013163],[74.336632,41.3044746],[74.3417023,41.3104655],[74.3862799,41.314515],[74.4086603,41.3217833],[74.4107416,41.3259408],[74.4246677,41.3339167],[74.4278647,41.34286],[74.4351388,41.3452603],[74.454558,41.345808],[74.4607593,41.3494969],[74.47711,41.347725],[74.4971515,41.3494163],[74.5035029,41.3554888],[74.542351,41.355172],[74.546881,41.3574997],[74.5458057,41.3678951],[74.555762,41.3715183],[74.5722415,41.3719852],[74.5870258,41.3762402],[74.6048786,41.3753707],[74.6149423,41.3822297],[74.6222808,41.3937563],[74.6307351,41.3981507],[74.640198,41.4088698],[74.6570632,41.4067942],[74.6693155,41.4104635],[74.6784995,41.4242101],[74.6789589,41.441304],[74.6837787,41.4557944],[74.6834725,41.4593244],[74.6799895,41.4612305],[74.6825156,41.4655439],[74.6812706,41.4708845],[74.6897151,41.4766573],[74.6985596,41.477972],[74.7044604,41.4893852],[74.7122066,41.4965697],[74.7140091,41.5024998],[74.720146,41.5089598],[74.728772,41.510904],[74.7325056,41.5181022],[74.7312181,41.5270826],[74.7369473,41.5431769],[74.7293299,41.5485889],[74.7297161,41.5532618],[74.7337153,41.5555516],[74.7340157,41.5589074],[74.7297456,41.5699692],[74.7193601,41.5755395],[74.7089746,41.5885725],[74.70876,41.5941572],[74.7136095,41.598538],[74.7284367,41.6008005],[74.7326639,41.6046193],[74.737061,41.6281332],[74.7301946,41.6312607],[74.7248731,41.6421818],[74.7115693,41.63867],[74.6885452,41.6407867],[74.6867428,41.6382209],[74.6654568,41.6345485],[74.6581826,41.629288],[74.6528182,41.618862],[74.6471534,41.6214285],[74.6357793,41.6184921],[74.6245569,41.6210266],[74.6180338,41.6193263],[74.6120471,41.6120592],[74.6056527,41.6097169],[74.5936578,41.6102062],[74.5816845,41.6159335],[74.575569,41.6145218],[74.5722431,41.611987],[74.5712131,41.6060508],[74.5640033,41.6073023],[74.5577806,41.6015101],[74.5493478,41.6003387],[74.5397562,41.5938398],[74.5358509,41.5890414],[74.5344347,41.5823969],[74.5310855,41.5811895],[74.5311713,41.5761494],[74.5243263,41.5684921],[74.5142627,41.5724894],[74.5144773,41.5766309],[74.5087695,41.5802425],[74.4983626,41.5815747],[74.4929981,41.5763581],[74.4872689,41.575411],[74.4756174,41.5810771],[74.4668627,41.578525],[74.4629789,41.581655],[74.4554472,41.5818476],[74.4349122,41.5776903],[74.4291616,41.5609785],[74.4192704,41.5546223],[74.4072326,41.5547508],[74.4064816,41.5577534],[74.3968257,41.5582994],[74.3863114,41.5630519],[74.3703683,41.5545581],[74.358867,41.5532253],[74.3562492,41.5548793],[74.355584,41.5597926],[74.3492754,41.5624418],[74.3125614,41.5632606],[74.3084844,41.5661023],[74.2839251,41.5633042],[74.2673501,41.5675953],[74.2517718,41.5650587],[74.2524799,41.5612376],[74.2431029,41.5575447],[74.2406567,41.5578177],[74.2371376,41.5640794],[74.226559,41.5661986],[74.2153747,41.5589253],[74.2060822,41.5619091],[74.202531,41.5590465],[74.2038614,41.5530091],[74.1923171,41.5487858],[74.1736275,41.552431],[74.1676194,41.5611017],[74.1541225,41.5696748],[74.147771,41.5688079],[74.1426212,41.5729176],[74.1327507,41.5739289],[74.1201946,41.5796012],[74.1154095,41.5796012],[74.1086718,41.5733731],[74.0934307,41.578453],[74.0812093,41.5722788],[74.070347,41.5718333],[74.0470346,41.5748975],[74.038103,41.5804855],[74.0271866,41.580796],[74.0158551,41.5917681],[73.9953395,41.6015106],[73.991841,41.6098275],[73.9843928,41.6128782],[73.9840835,41.6174464],[73.9776569,41.6274958],[73.9812063,41.6322821],[73.9799189,41.6351208],[73.9666511,41.6424249],[73.9523895,41.6554876],[73.9385018,41.6582214],[73.9282568,41.652608],[73.9160442,41.6526688],[73.9131778,41.6506232],[73.9150044,41.6477472],[73.9123303,41.6439349],[73.9301076,41.6338219],[73.9263304,41.6280236],[73.9299919,41.6204426],[73.9418628,41.6071111],[73.9397973,41.6023962],[73.9305967,41.6004207],[73.9291638,41.5982067],[73.9400453,41.5906717],[73.9305652,41.5849888],[73.9387447,41.5786993],[73.9333763,41.574347],[73.9381492,41.5621122],[73.9361537,41.5595175],[73.9280213,41.5594694],[73.9215995,41.5523069],[73.9158489,41.5513113],[73.9098031,41.5465474],[73.8934524,41.5457605],[73.8716299,41.5502409],[73.8680679,41.5456802],[73.857897,41.5431106],[73.850065,41.5454393],[73.8261397,41.5436245],[73.820153,41.5476394],[73.8181574,41.5520073],[73.8006265,41.5631024],[73.7899191,41.5571135],[73.7820441,41.5576113],[73.7773664,41.5619464],[73.7663371,41.5640818],[73.7558014,41.5605656],[73.7402875,41.5630703],[73.7321149,41.5592679],[73.7215148,41.5644057],[73.7172447,41.5747602],[73.6755044,41.5918222],[73.6729938,41.6019637],[73.6646253,41.6003752],[73.6541969,41.6037287],[73.6463434,41.5952242],[73.64173,41.5963957],[73.6379963,41.5945021],[73.6248857,41.584247],[73.6215911,41.5697678],[73.6147461,41.5575339],[73.6056051,41.5474817],[73.5975585,41.5484773],[73.5945759,41.5522511],[73.5934172,41.5608575],[73.582624,41.5611465],[73.5656939,41.5682588],[73.5621319,41.5631374],[73.5316835,41.5600547],[73.5247741,41.5549487],[73.5290871,41.5507095],[73.5279928,41.5446071],[73.5198388,41.5397247],[73.5209117,41.5354523],[73.5119424,41.5319989],[73.5107837,41.5285292],[73.4962139,41.5293324],[73.4837041,41.5385563],[73.4726963,41.5369019],[73.4640918,41.5389738],[73.441926,41.5324366],[73.4392815,41.5307582],[73.4374414,41.5216736],[73.4395871,41.5115034],[73.4367547,41.5100573],[73.4338794,41.5023601],[73.4297166,41.5007209],[73.4342871,41.4927172],[73.4293089,41.4903063],[73.4227,41.4924922],[73.4158335,41.4914474],[73.397337,41.4839892],[73.3929596,41.4774946],[73.3768664,41.4716104],[73.3730721,41.4597743]]]}},{"type":"Feature","properties":{"name":"Токтогульский район","display_name":"Токтогул району, Жалал-Абад облусу, Кыргызстан","kind":"district"},"geometry":{"type":"Polygon","coordinates":[[[71.9139404,42.0347046],[71.9163254,42.0301346],[71.9142743,42.0275761],[71.9177284,42.0258669],[71.9159207,42.0226624],[71.9224257,42.0093373],[71.9276405,42.0079223],[71.9423889,42.0106704],[71.9561522,42.0087757],[71.9563602,42.0058706],[71.9722388,41.9987833],[71.9789797,42.0023085],[71.9857706,41.9984865],[71.9953297,41.9987951],[71.9996738,41.9949357],[72.0179992,41.9956779],[72.0249398,41.9914101],[72.0357253,41.9924864],[72.0398698,41.9881813],[72.0455621,41.9884411],[72.0686757,41.9653212],[72.0664513,41.9625909],[72.0704411,41.9556331],[72.0699821,41.9519307],[72.0657099,41.9504602],[72.0575493,41.9415326],[72.0615435,41.9406123],[72.0670516,41.9328116],[72.066254,41.9198818],[72.0730948,41.9142899],[72.0748653,41.9089983],[72.083202,41.910096],[72.086897,41.9132917],[72.0987101,41.9128982],[72.1095823,41.9209145],[72.1213625,41.9245387],[72.1295164,41.9244429],[72.146983,41.9144959],[72.1488284,41.9107114],[72.1636341,41.8997721],[72.2106959,41.9009206],[72.2226263,41.8948354],[72.2382046,41.8913533],[72.249148,41.8837335],[72.2484142,41.8783956],[72.2540524,41.8738639],[72.2794206,41.8712155],[72.3001974,41.8619783],[72.3092248,41.8603776],[72.3155372,41.8551211],[72.3162394,41.8514338],[72.3252461,41.8519781],[72.3579476,41.8367763],[72.3658869,41.8361687],[72.3714659,41.8389505],[72.3969576,41.8380872],[72.415025,41.8362647],[72.4226424,41.8313564],[72.4259469,41.8201316],[72.4316332,41.8159738],[72.4307534,41.8075614],[72.4428183,41.8000731],[72.4464017,41.7951621],[72.4463047,41.7899529],[72.4294819,41.7857771],[72.4220361,41.7799049],[72.4059643,41.780689],[72.3995942,41.7703045],[72.3840374,41.7700644],[72.3784369,41.7642868],[72.3774284,41.7580926],[72.3715061,41.7573402],[72.3676652,41.7526981],[72.3564213,41.7484718],[72.3577517,41.7393941],[72.3548549,41.7353271],[72.3559278,41.7331814],[72.364189,41.7305552],[72.3657984,41.7260553],[72.3638672,41.7223398],[72.3698539,41.7192007],[72.3706692,41.7139631],[72.3820204,41.7062582],[72.3889083,41.6865671],[72.381677,41.6817115],[72.3815268,41.6766632],[72.3767418,41.6698835],[72.3584813,41.6564341],[72.357859,41.6507425],[72.3616678,41.638268],[72.3613888,41.6336814],[72.3579985,41.6312917],[72.3704225,41.6255979],[72.373727,41.6221653],[72.3730618,41.6196309],[72.3815376,41.6148184],[72.4014718,41.6136633],[72.4150116,41.6093637],[72.4379498,41.6096044],[72.4525196,41.6069411],[72.4740416,41.5921305],[72.4767882,41.5864654],[72.4853456,41.5805479],[72.5118465,41.5718673],[72.5191104,41.5617429],[72.5022983,41.552133],[72.4806368,41.5522855],[72.4775255,41.5484958],[72.4777293,41.5419595],[72.4724078,41.5382012],[72.4712384,41.5322261],[72.4586213,41.5287484],[72.4529672,41.5191416],[72.4377751,41.5212784],[72.4193966,41.5162256],[72.4085958,41.5029565],[72.4125495,41.4949911],[72.4165407,41.4921945],[72.464799,41.4730972],[72.4796477,41.4698977],[72.5341073,41.470171],[72.5495997,41.4606038],[72.56035,41.4601053],[72.5637832,41.4576288],[72.5697914,41.4594781],[72.5759926,41.4583042],[72.5814429,41.4552809],[72.5817647,41.4499575],[72.5759926,41.4479632],[72.5802198,41.4452128],[72.6103678,41.4422049],[72.6129642,41.4473037],[72.6291862,41.4529972],[72.6394859,41.4482848],[72.6469317,41.4411433],[72.6521674,41.4411111],[72.6662865,41.4455666],[72.6807216,41.4559214],[72.6949266,41.4595397],[72.6979795,41.4647685],[72.7029791,41.4640771],[72.711927,41.4687883],[72.7243081,41.4623887],[72.7336679,41.4680457],[72.7530656,41.4641546],[72.7555762,41.4617586],[72.755662,41.4533601],[72.7591596,41.4530063],[72.7760252,41.4635069],[72.7816042,41.4632335],[72.7840607,41.4593236],[72.7944248,41.4603849],[72.7961199,41.4637939],[72.7991454,41.4643567],[72.8122561,41.4641798],[72.8237145,41.4698075],[72.8425972,41.4662541],[72.8603213,41.4684408],[72.8650205,41.4725568],[72.8657071,41.4888736],[72.8721874,41.4948005],[72.8926094,41.493076],[72.9024766,41.4991121],[72.9173716,41.4961457],[72.9391045,41.4961736],[72.9467652,41.4992406],[72.9481382,41.5050768],[72.9584593,41.5175295],[72.9639095,41.5198752],[72.9694962,41.5287002],[72.9840154,41.5335458],[72.9860539,41.5372722],[72.9759979,41.5425698],[72.9741525,41.5505994],[72.9745817,41.5593827],[72.9774141,41.5651145],[72.9767274,41.5740082],[72.9864585,41.5806937],[73.0240294,41.5784654],[73.0400705,41.5817129],[73.0516791,41.5788879],[73.0683732,41.5791287],[73.0838227,41.5698986],[73.0847975,41.5577237],[73.0928012,41.5452145],[73.1029722,41.5457284],[73.1203314,41.5509957],[73.1456944,41.5479928],[73.1604481,41.5529118],[73.1739449,41.546103],[73.1774425,41.5405622],[73.2004149,41.5371029],[73.2091784,41.5274553],[73.2214951,41.5311178],[73.2402189,41.529409],[73.2429957,41.5264111],[73.276577,41.5166433],[73.2932925,41.5037244],[73.2903099,41.500446],[73.2928633,41.4981157],[73.3010387,41.4923298],[73.3182907,41.4858522],[73.3252776,41.4905717],[73.3372807,41.4940978],[73.3469367,41.4913333],[73.3530307,41.486688],[73.3586228,41.472724],[73.3730721,41.4597743],[73.3768664,41.4716104],[73.3929596,41.4774946],[73.397337,41.4839892],[73.4158335,41.4914474],[73.4227,41.4924922],[73.4293089,41.4903063],[73.4342871,41.4927172],[73.4297166,41.5007209],[73.4338794,41.5023601],[73.4367547,41.5100573],[73.4395871,41.5115034],[73.4374414,41.5216736],[73.4392815,41.5307582],[73.441926,41.5324366],[73.4640918,41.5389738],[73.4726963,41.5369019],[73.4837041,41.5385563],[73.4962139,41.5293324],[73.5107837,41.5285292],[73.5119424,41.5319989],[73.5209117,41.5354523],[73.5198388,41.5397247],[73.5279928,41.5446071],[73.5290871,41.5507095],[73.5247741,41.5549487],[73.5316835,41.5600547],[73.5621319,41.5631374],[73.5656939,41.5682588],[73.582624,41.5611465],[73.5934172,41.5608575],[73.5945759,41.5522511],[73.5975585,41.5484773],[73.6056051,41.5474817],[73.6147461,41.5575339],[73.6215911,41.5697678],[73.6248857,41.584247],[73.6379963,41.5945021],[73.64173,41.5963957],[73.6463434,41.5952242],[73.6541969,41.6037287],[73.6646253,41.6003752],[73.6729938,41.6019637],[73.6755044,41.5918222],[73.7172447,41.5747602],[73.7215148,41.5644057],[73.7321149,41.5592679],[73.7402875,41.5630703],[73.7558014,41.5605656],[73.7663371,41.5640818],[73.7773664,41.5619464],[73.7820441,41.5576113],[73.7899191,41.5571135],[73.799339,41.5632148],[73.8181574,41.5520073],[73.820153,41.5476394],[73.8261397,41.5436245],[73.850065,41.5454393],[73.857897,41.5431106],[73.8680679,41.5456802],[73.8716299,41.5502409],[73.8808138,41.5495344],[73.886822,41.5464029],[73.9086444,41.5462102],[73.9158489,41.5513113],[73.9215995,41.5523069],[73.9280213,41.5594694],[73.9376023,41.5600465],[73.933391,41.5747024],[73.9387447,41.5786993],[73.9305652,41.5849888],[73.9400453,41.5906717],[73.9291638,41.5982067],[73.9305967,41.6004207],[73.9397973,41.6023962],[73.9418628,41.6071111],[73.9299919,41.6204426],[73.9263304,41.6280236],[73.9301076,41.6338219],[73.9124161,41.6435822],[73.9150044,41.6477472],[73.9126495,41.6521644],[73.913784,41.6621903],[73.9073253,41.664166],[73.8966688,41.6828824],[73.8888904,41.6850718],[73.8911998,41.6938428],[73.8844541,41.6977903],[73.8845633,41.7045754],[73.8880216,41.7056771],[73.9181696,41.7074553],[73.9292203,41.7025372],[73.9396702,41.6944303],[73.9582955,41.6925236],[73.9684235,41.6962889],[73.9722,41.6946225],[73.9713846,41.6892708],[73.9767491,41.6846398],[73.9966832,41.6868993],[74.0071546,41.6795276],[74.0174328,41.6798321],[74.0409964,41.6585464],[74.0415972,41.6428176],[74.0341085,41.6317363],[74.0269201,41.6285446],[74.0306109,41.6213748],[74.0413826,41.6119903],[74.0520256,41.6084928],[74.0707627,41.6125945],[74.077994,41.6156746],[74.0801612,41.620471],[74.0768352,41.6237593],[74.07926,41.6291005],[74.076213,41.6557193],[74.0784017,41.6655783],[74.075419,41.6735286],[74.0781871,41.6850194],[74.0754834,41.6994882],[74.0811268,41.7073542],[74.0834013,41.71791],[74.0875279,41.7242821],[74.080115,41.7263662],[74.0720987,41.7241726],[74.0582213,41.7330636],[74.0283402,41.7338093],[74.0259862,41.7312989],[74.0149616,41.7303609],[74.0116739,41.7308985],[74.0107506,41.7338273],[73.9904308,41.7353181],[73.9758456,41.7405636],[73.9848318,41.7533465],[73.9791026,41.758981],[73.9770856,41.7649832],[73.9686313,41.7680881],[73.9688459,41.7788899],[73.9628592,41.7851462],[73.9618507,41.8077021],[73.9689746,41.8218394],[73.9479676,41.8413611],[73.9459076,41.8460928],[73.9318743,41.849897],[73.9155665,41.8431835],[73.9083352,41.8467801],[73.9006963,41.8462207],[73.8935938,41.8379721],[73.889946,41.8377003],[73.8747229,41.8460218],[73.8653888,41.84786],[73.8536514,41.8432883],[73.8532652,41.8400752],[73.8180102,41.8673578],[73.8056643,41.8741218],[73.8034231,41.8738522],[73.8030893,41.8700154],[73.8047416,41.8587175],[73.8006002,41.8502307],[73.7958152,41.8485524],[73.7854511,41.8532676],[73.7866957,41.8493676],[73.783241,41.8473536],[73.7769324,41.8478331],[73.7705595,41.8514615],[73.7695295,41.854674],[73.7423856,41.8657649],[73.7396819,41.8634319],[73.7120444,41.8688649],[73.7156279,41.8753201],[73.7157285,41.8828662],[73.7352098,41.881025],[73.7408103,41.889923],[73.7400593,41.9020139],[73.7606372,41.9104778],[73.7630619,41.9238262],[73.7743272,41.9331332],[73.777975,41.9411301],[73.7884798,41.9514028],[73.7821928,41.9589028],[73.7838665,41.9630354],[73.781828,41.9654127],[73.7863985,41.9675346],[73.786613,41.969832],[73.7709918,41.9779679],[73.7743178,41.9829446],[73.768889,41.9855285],[73.7664857,41.9906961],[73.7642429,41.9974933],[73.7669466,42.0038079],[73.7635134,42.0081768],[73.7525056,42.0089261],[73.7252543,42.0031542],[73.7231944,42.0057692],[73.7167785,42.0052111],[73.7031744,42.0129598],[73.6959431,42.0076187],[73.682339,42.0161643],[73.6715029,42.0121946],[73.6662886,42.0132149],[73.6609671,42.0093726],[73.6545942,42.0096277],[73.6388657,42.0005231],[73.6319564,42.002341],[73.607795,42.0001723],[73.5977314,41.9939371],[73.5852216,41.999375],[73.5775826,41.9957392],[73.563957,42.0017988],[73.5573695,41.998498],[73.5508464,41.9991677],[73.5442589,41.9946866],[73.5412333,41.9971585],[73.5334013,41.9976369],[73.5182522,41.9955478],[73.4935758,42.0097393],[73.4807656,42.008958],[73.4730818,42.0136894],[73.4568168,42.0101341],[73.4522034,42.0150605],[73.4519674,42.019301],[73.444307,42.0216444],[73.4399511,42.0216603],[73.4304883,42.0153634],[73.4158542,42.0137054],[73.4128715,42.0271596],[73.4056832,42.0278609],[73.4000184,42.0264902],[73.3988382,42.0230949],[73.3925726,42.022553],[73.3927442,42.0257251],[73.3843328,42.0326266],[73.3676817,42.0303952],[73.3613731,42.0264105],[73.3473827,42.0272871],[73.3432843,42.0287695],[73.3426835,42.03481],[73.3405806,42.0361328],[73.3277807,42.0370204],[73.3218583,42.045562],[73.3242831,42.0515213],[73.3236393,42.0596467],[73.3178243,42.0707657],[73.3178028,42.0816917],[73.3117947,42.0920744],[73.3028039,42.0943832],[73.2963666,42.0932686],[73.2942377,42.0959507],[73.2847243,42.0950612],[73.2671693,42.098056],[73.2583387,42.1054522],[73.2342594,42.1059813],[73.2142464,42.1136805],[73.1977238,42.1125218],[73.185493,42.1173447],[73.1710734,42.1168672],[73.1601944,42.1214511],[73.1472554,42.1213874],[73.1401744,42.1140976],[73.1168713,42.1226766],[73.107426,42.1216264],[73.1042502,42.1171221],[73.0729649,42.1172972],[73.0510137,42.1272762],[73.0308864,42.1291381],[73.027832,42.1357131],[73.0183263,42.1341378],[73.0145712,42.1265312],[73.0094643,42.1250193],[73.0064387,42.1208336],[72.9984779,42.1190828],[72.9863544,42.1295549],[72.9861879,42.1340542],[72.9694075,42.1404303],[72.9637861,42.1343565],[72.952671,42.1283573],[72.9502248,42.1221824],[72.9420924,42.1175667],[72.9370777,42.1062795],[72.9260914,42.1030636],[72.9161565,42.1038915],[72.9071872,42.0995292],[72.8927461,42.0997362],[72.8910939,42.0972843],[72.882425,42.0959309],[72.8832618,42.0877305],[72.8888408,42.0839564],[72.8893773,42.0711673],[72.8830687,42.071231],[72.8769748,42.0673762],[72.8590923,42.0639278],[72.8556806,42.057412],[72.8459388,42.0515489],[72.8260633,42.0479833],[72.7877828,42.0605063],[72.7829978,42.0666235],[72.7750652,42.0679182],[72.7712887,42.0784306],[72.7562469,42.0832402],[72.7506249,42.0898648],[72.7309586,42.0964275],[72.7265168,42.1027323],[72.7176548,42.1057253],[72.7162386,42.1092753],[72.7067543,42.1113128],[72.7065183,42.1156902],[72.7008964,42.1194943],[72.683344,42.1225979],[72.6663924,42.1310325],[72.6517154,42.1273246],[72.6483251,42.1243485],[72.6303006,42.1314939],[72.6236058,42.1300936],[72.6223192,42.1257246],[72.620354,42.1255884],[72.6072551,42.1384794],[72.5956465,42.1312234],[72.5776649,42.1345174],[72.5671078,42.1500619],[72.5581599,42.1504437],[72.5473023,42.1558682],[72.540114,42.1535935],[72.5244928,42.1564409],[72.5090156,42.1526062],[72.4972568,42.1599393],[72.477387,42.1656175],[72.4400506,42.1572989],[72.4317465,42.1599871],[72.4235497,42.1569649],[72.4104321,42.1641447],[72.3914206,42.1629677],[72.3871291,42.1677391],[72.393266,42.1720967],[72.3955191,42.178553],[72.393781,42.1840864],[72.3899466,42.1839601],[72.3770011,42.1909071],[72.3729241,42.19512],[72.3725164,42.1993962],[72.3535479,42.2013037],[72.3439563,42.2109516],[72.3389137,42.2095053],[72.3169411,42.213558],[72.3055685,42.2098073],[72.2963417,42.2114125],[72.2894538,42.2098708],[72.2788075,42.2154794],[72.2633151,42.2187372],[72.2549895,42.2201674],[72.2433165,42.2177837],[72.2371581,42.2207871],[72.227116,42.214796],[72.216205,42.2146226],[72.2235754,42.2005073],[72.2209576,42.1881709],[72.2221592,42.1842279],[72.2190479,42.1787104],[72.206538,42.1763092],[72.2047571,42.167992],[72.197204,42.1615505],[72.1810678,42.153645],[72.1833208,42.1430496],[72.1808318,42.1357464],[72.1877626,42.1325122],[72.1853808,42.1165495],[72.1922902,42.1121563],[72.191625,42.1076354],[72.1846941,42.1013789],[72.1853808,42.09751],[72.1807674,42.0927492],[72.1777633,42.0752316],[72.1661762,42.0664232],[72.1441177,42.0583465],[72.1299127,42.0618991],[72.1243981,42.0598122],[72.1070979,42.0609092],[72.1036003,42.0641113],[72.1022485,42.0739553],[72.0957253,42.0747198],[72.0737527,42.067791],[72.068281,42.0685875],[72.0611785,42.0765992],[72.0487545,42.0791793],[72.0456002,42.0759781],[72.0430038,42.07644],[72.0420382,42.0840048],[72.0324037,42.0882567],[72.0192633,42.0875463],[72.0167214,42.0948013],[72.0096334,42.0936768],[72.0067004,42.0963247],[71.9849476,42.0980476],[71.9811103,42.097431],[71.9705175,42.0850708],[71.95918,42.0797348],[71.9558313,42.0805937],[71.9529149,42.0774489],[71.9504435,42.0647993],[71.9527248,42.0595001],[71.9480412,42.0532637],[71.9441035,42.0526926],[71.9403013,42.0476619],[71.9226323,42.0472472],[71.9213125,42.0436716],[71.9153244,42.0436171],[71.9189661,42.038099],[71.9139404,42.0347046]],[[72.6466461,41.6247788],[72.650015,41.6338086],[72.6546284,41.6332634],[72.6557656,41.6357011],[72.6537701,41.6373689],[72.6595983,41.6374799],[72.6601874,41.6402181],[72.674849,41.6356667],[72.6802933,41.6404907],[72.6874601,41.6382136],[72.6884043,41.6409878],[72.6991975,41.6398493],[72.7025234,41.6417415],[72.7022445,41.6451891],[72.7088964,41.645157],[72.7102013,41.6416959],[72.7176442,41.6416485],[72.7197813,41.6396468],[72.7227085,41.6411389],[72.7208253,41.645034],[72.7229023,41.6466228],[72.7267905,41.645483],[72.730302,41.6487381],[72.742618,41.6521638],[72.7422917,41.6549416],[72.7478256,41.6561771],[72.7545501,41.6537885],[72.7668942,41.6587681],[72.7775994,41.6540943],[72.7604072,41.6560452],[72.7558148,41.652022],[72.7437812,41.6495399],[72.7433988,41.645018],[72.7339145,41.6408488],[72.7272197,41.6417628],[72.7279063,41.6393414],[72.7218767,41.6353643],[72.6861282,41.6304567],[72.6942178,41.6223568],[72.6949473,41.6119136],[72.6894971,41.6179134],[72.6870509,41.6144323],[72.6835319,41.6148013],[72.6825877,41.6191165],[72.687244,41.621635],[72.677631,41.6267517],[72.6690694,41.6221964],[72.6671167,41.6237523],[72.6681252,41.6269763],[72.6536413,41.6223728],[72.6466461,41.6247788]]]}},{"type":"Feature","properties":{"name":"город Кара-Куль","display_name":"Кара-Көл шаары, Жалал-Абад облусу, Кыргызстан","kind":"district"},"geometry":{"type":"Polygon","coordinates":[[[72.6466461,41.6247788],[72.6536413,41.6223728],[72.6681252,41.6269763],[72.6671167,41.6237523],[72.6690694,41.6221964],[72.677631,41.6267517],[72.687244,41.621635],[72.6825877,41.6191165],[72.6835319,41.6148013],[72.6870509,41.6144323],[72.6894971,41.6179134],[72.6949473,41.6119136],[72.6942178,41.6223568],[72.6861282,41.6304567],[72.7218767,41.6353643],[72.7279063,41.6393414],[72.7272197,41.6417628],[72.7339145,41.6408488],[72.7433988,41.645018],[72.7437812,41.6495399],[72.7558148,41.652022],[72.7604072,41.6560452],[72.7775994,41.6540943],[72.7668942,41.6587681],[72.7545501,41.6537885],[72.7478256,41.6561771],[72.7422917,41.6549416],[72.742618,41.6521638],[72.730302,41.6487381],[72.7267905,41.645483],[72.7229023,41.6466228],[72.7208253,41.645034],[72.7227085,41.6411389],[72.7197813,41.6396468],[72.7176442,41.6416485],[72.7102013,41.6416959],[72.7088964,41.645157],[72.7022445,41.6451891],[72.7025234,41.6417415],[72.6991975,41.6398493],[72.6884043,41.6409878],[72.6874601,41.6382136],[72.6802933,41.6404907],[72.674849,41.6356667],[72.6601874,41.6402181],[72.6595983,41.6374799],[72.6537701,41.6373689],[72.6557656,41.6357011],[72.6546284,41.6332634],[72.650015,41.6338086],[72.6466461,41.6247788]]]}},{"type":"Feature","properties":{"name":"город Таш-Кумыр","display_name":"Таш-Көмүр шаары, Жалал-Абад облусу, 721400, Кыргызстан","kind":"district"},"geometry":{"type":"Polygon","coordinates":[[[72.1591514,41.3217985],[72.1712965,41.3218791],[72.1716398,41.3142885],[72.1805662,41.3077125],[72.1797293,41.3020547],[72.1721762,41.30062],[72.1731418,41.2974926],[72.1870035,41.2982825],[72.1906815,41.2902369],[72.2103919,41.2756633],[72.2101149,41.2722434],[72.2011184,41.2630013],[72.2032642,41.2524194],[72.2072339,41.2473215],[72.1994447,41.2406581],[72.2016764,41.2261672],[72.1935224,41.2206153],[72.1805084,41.2203893],[72.1775556,41.2127723],[72.1859622,41.208454],[72.1853505,41.2046345],[72.2010431,41.2036426],[72.2075662,41.2096803],[72.2142181,41.2223188],[72.2344741,41.2318243],[72.2408041,41.2533155],[72.2407183,41.2645424],[72.2293028,41.2678536],[72.2290239,41.2729984],[72.2244319,41.2779169],[72.2256336,41.2798359],[72.2184078,41.2890465],[72.2124156,41.2917676],[72.2170038,41.2975415],[72.2106232,41.2963516],[72.2083172,41.3033747],[72.2019872,41.3110955],[72.2065362,41.3248585],[72.2021934,41.3260711],[72.2091114,41.3342307],[72.2150338,41.3374529],[72.2163159,41.3408322],[72.2264735,41.339962],[72.2368977,41.3537099],[72.2430323,41.3557561],[72.2346783,41.3630103],[72.2352011,41.3688385],[72.2396511,41.3740834],[72.2385058,41.3814516],[72.2339038,41.3880253],[72.2364231,41.3906136],[72.2352,41.4000946],[72.2300863,41.4058047],[72.2245759,41.4064761],[72.2200698,41.4027582],[72.2136754,41.3899293],[72.2162503,41.3863232],[72.2153491,41.383377],[72.2194689,41.3845362],[72.2218937,41.3808654],[72.2303051,41.3807688],[72.229318,41.3753911],[72.2332662,41.3755843],[72.2306055,41.3678228],[72.2198766,41.3645859],[72.2207135,41.3502675],[72.2082895,41.3451289],[72.2016376,41.3448711],[72.1955436,41.3392326],[72.1838492,41.3386043],[72.182433,41.3327558],[72.1780986,41.3315635],[72.1870679,41.3314346],[72.1967882,41.329356],[72.1964449,41.3277125],[72.1719402,41.3269874],[72.1591514,41.3246669],[72.1591514,41.3217985]]]}},{"type":"Feature","properties":{"name":"город Майлуу-Суу","display_name":"Майлуу-Суу шаары, Жалал-Абад облусу, Кыргызстан","kind":"district"},"geometry":{"type":"Polygon","coordinates":[[[72.3937331,41.175464],[72.3960677,41.1752745],[72.3939391,41.1675214],[72.3971434,41.1672975],[72.4048339,41.1978392],[72.4152938,41.2061052],[72.4219084,41.2165912],[72.429988,41.2213429],[72.4317961,41.2203961],[72.4414092,41.2342879],[72.4730178,41.2573657],[72.4720565,41.2601358],[72.4772063,41.2638005],[72.4740477,41.2671897],[72.4819442,41.2693402],[72.481372,41.2723506],[72.4781447,41.2733484],[72.4770919,41.2885876],[72.4810973,41.2922851],[72.47993,41.2955181],[72.49364,41.3015193],[72.5144225,41.2969454],[72.5124312,41.2997654],[72.50101,41.3040125],[72.5021087,41.3081905],[72.4976912,41.3127637],[72.5158187,41.3190899],[72.5299407,41.3280797],[72.5273772,41.3313796],[72.5131636,41.3280109],[72.5038024,41.3227857],[72.4966613,41.3277359],[72.4984694,41.3223388],[72.4948302,41.3190555],[72.4919921,41.321548],[72.4946471,41.3301422],[72.4908934,41.3300047],[72.4873229,41.3200869],[72.4914885,41.3087751],[72.4773436,41.2990948],[72.4792891,41.2982866],[72.4749404,41.2925775],[72.4669066,41.2904278],[72.474803,41.2848212],[72.4707061,41.2781648],[72.4663115,41.2767715],[72.465808,41.2658822],[72.4616652,41.2652285],[72.4567671,41.2722474],[72.4517089,41.2710433],[72.4590789,41.2624929],[72.4479323,41.2505344],[72.4398299,41.2655382],[72.4373351,41.266536],[72.4387541,41.2677575],[72.4350005,41.2715077],[72.4317046,41.2708884],[72.4446593,41.2490717],[72.4376784,41.2450276],[72.432849,41.2491577],[72.4277678,41.2474369],[72.4332381,41.2404669],[72.4274932,41.2328421],[72.4256621,41.2338748],[72.4244719,41.2306388],[72.4270583,41.2300708],[72.4038954,41.2062429],[72.3988372,41.1933441],[72.3961821,41.191639],[72.3937331,41.175464]]]}},{"type":"Feature","properties":{"name":"город Манас","display_name":"Манас, Жалал-Абад облусу, Кыргызстан","kind":"district"},"geometry":{"type":"Polygon","coordinates":[[[72.9468855,40.9323632],[72.970735,40.9323286],[72.9685835,40.9290431],[72.9702086,40.9285416],[72.9698653,40.9212437],[72.9746191,40.9216943],[72.9796363,40.9269892],[72.9843621,40.9241767],[72.9909815,40.9242868],[72.9963224,40.9194196],[72.9979084,40.9131212],[73.0074734,40.9137816],[73.0133969,40.9042289],[73.0187863,40.9104916],[73.031313,40.9093418],[73.0301477,40.9160809],[73.0242243,40.9149313],[73.0222174,40.9218533],[73.0247907,40.9247637],[73.0220232,40.9236754],[73.0210205,40.9254722],[73.0255621,40.9303153],[73.0284237,40.9416441],[73.0365891,40.952272],[73.0295004,40.9566478],[73.0232856,40.9498273],[73.0101924,40.9467712],[73.0164234,40.9530176],[73.0117623,40.9565622],[73.0088491,40.9545088],[72.9959663,40.9648486],[72.9942993,40.9629421],[72.9975686,40.9606811],[72.9953189,40.9582],[73.0015337,40.9547166],[73.0001419,40.9532254],[72.9902532,40.9587011],[72.990237,40.9631865],[72.9876961,40.9600089],[72.9887319,40.954521],[72.9838928,40.9579189],[72.9854854,40.9618387],[72.9803772,40.9636829],[72.9820613,40.9707095],[72.9782409,40.9705932],[72.9651317,40.9596397],[72.9708537,40.9577902],[72.9680842,40.9476086],[72.9632605,40.9490818],[72.9572295,40.942132],[72.9605025,40.9420196],[72.9578589,40.9374465],[72.9480757,40.9359252],[72.9468855,40.9323632]]]}}]}