{"type":"FeatureCollection","name":"jalalabad_region","attribution":"© OpenStreetMap contributors, ODbL 1.0 (https://www.openstreetmap.org/copyright)","source":"Nominatim lookup (polygon_threshold=0) отношений OSM; координаты округлены до 5 знаков","features":[{"type":"Feature","properties":{"name":"Джалал-Абадская область","display_name":"Джалал-Абадская область, Кыргызстан","kind":"region","slug":"oblast","osm_id":178024,"center":[72.85952,41.49223]},"geometry":{"type":"Polygon","coordinates":[[[70.16896,41.51535],[70.16945,41.51539],[70.17007,41.51555],[70.17082,41.51627],[70.17145,41.51668],[70.1723,41.51682],[70.17322,41.51642],[70.17408,41.51573],[70.17476,41.51529],[70.17518,41.51496],[70.17572,41.51463],[70.17602,41.51448],[70.1775,41.51351],[70.17986,41.51241],[70.18622,41.50917],[70.19479,41.50665],[70.20363,41.50607],[70.20604,41.5056],[70.20839,41.50423],[70.21117,41.5042],[70.21505,41.50217],[70.21765,41.49956],[70.21926,41.49585],[70.22262,41.4942],[70.22916,41.49165],[70.23562,41.49159],[70.24044,41.49139],[70.2463,41.49328],[70.25277,41.49559],[70.25543,41.49565],[70.25821,41.49602],[70.26154,41.49648],[70.26568,41.49766],[70.2673,41.49812],[70.26919,41.49913],[70.27124,41.50023],[70.27242,41.50181],[70.27321,41.50287],[70.27355,41.50426],[70.27446,41.50564],[70.27514,41.51098],[70.27633,41.51173],[70.28175,41.51293],[70.28774,41.51486],[70.28921,41.51587],[70.29197,41.51775],[70.2973,41.51991],[70.29903,41.52065],[70.3002,41.52064],[70.30314,41.52061],[70.30613,41.51811],[70.30584,41.51619],[70.31094,41.51057],[70.32049,41.50676],[70.32307,41.5032],[70.3235,41.50144],[70.32504,41.50048],[70.32923,41.5],[70.3314,41.49998],[70.33329,41.49957],[70.33505,41.49944],[70.33839,41.5004],[70.33889,41.49728],[70.34004,41.49644],[70.34286,41.4958],[70.34497,41.49428],[70.34606,41.49372],[70.34801,41.49298],[70.35029,41.49276],[70.35247,41.49299],[70.35459,41.49262],[70.35782,41.49306],[70.36142,41.49288],[70.36347,41.49269],[70.36393,41.4917],[70.3651,41.49028],[70.36665,41.48935],[70.36929,41.48707],[70.36994,41.4861],[70.37267,41.48262],[70.37299,41.4818],[70.37299,41.48085],[70.37284,41.47961],[70.37196,41.47759],[70.37557,41.47166],[70.376,41.47104],[70.37778,41.46872],[70.37806,41.46835],[70.38088,41.4666],[70.38966,41.46818],[70.3925,41.46835],[70.39505,41.46998],[70.39614,41.47102],[70.40107,41.47012],[70.40746,41.47036],[70.40742,41.46798],[70.40834,41.46626],[70.41103,41.46071],[70.41324,41.45886],[70.41483,41.45833],[70.41659,41.45766],[70.41753,41.45647],[70.41877,41.45438],[70.42225,41.45197],[70.42391,41.45191],[70.42657,41.45149],[70.42708,41.45126],[70.43388,41.44824],[70.43857,41.44637],[70.43952,41.44516],[70.44146,41.4429],[70.44214,41.44014],[70.44757,41.43842],[70.44851,41.43697],[70.45161,41.43398],[70.45204,41.43351],[70.4556,41.43265],[70.46138,41.42868],[70.46209,41.42819],[70.46388,41.42691],[70.46491,41.42525],[70.46516,41.42294],[70.46715,41.42075],[70.46856,41.41954],[70.47014,41.4162],[70.46912,41.41017],[70.46917,41.40944],[70.46988,41.40879],[70.47337,41.4084],[70.47654,41.40589],[70.47917,41.40415],[70.48328,41.40103],[70.48801,41.39817],[70.49527,41.39755],[70.49745,41.39921],[70.49807,41.39934],[70.4987,41.39983],[70.49953,41.40057],[70.50126,41.40116],[70.50456,41.40295],[70.5073,41.40087],[70.50984,41.39947],[70.51374,41.39888],[70.51624,41.40038],[70.51759,41.40188],[70.51928,41.40226],[70.52343,41.40447],[70.526,41.40449],[70.52746,41.40519],[70.5292,41.40617],[70.53245,41.40699],[70.53523,41.40886],[70.5366,41.40886],[70.53871,41.40888],[70.54109,41.41024],[70.54295,41.40947],[70.54809,41.40879],[70.54854,41.40875],[70.54911,41.40869],[70.54982,41.40909],[70.55102,41.40975],[70.55151,41.41024],[70.55176,41.41113],[70.55204,41.4121],[70.55224,41.41322],[70.55218,41.41377],[70.55233,41.41534],[70.55183,41.41698],[70.55205,41.41939],[70.55291,41.42091],[70.55474,41.42219],[70.5602,41.42547],[70.56479,41.42604],[70.5662,41.4264],[70.56757,41.42684],[70.56799,41.42767],[70.56785,41.42856],[70.56693,41.42959],[70.56659,41.43069],[70.56633,41.43163],[70.56642,41.43237],[70.56724,41.43436],[70.56822,41.436],[70.56963,41.43741],[70.56862,41.43855],[70.56861,41.43924],[70.56855,41.44054],[70.56905,41.44131],[70.56983,41.44255],[70.57186,41.44326],[70.57402,41.44374],[70.57646,41.44361],[70.57703,41.44354],[70.57772,41.44288],[70.57878,41.44297],[70.58085,41.44288],[70.58284,41.44323],[70.58587,41.44295],[70.589,41.44455],[70.59069,41.44549],[70.59105,41.44582],[70.59174,41.44659],[70.59154,41.45085],[70.59128,41.45196],[70.59092,41.45281],[70.59094,41.45415],[70.5923,41.45574],[70.59426,41.45682],[70.59623,41.45618],[70.5992,41.45585],[70.60112,41.45414],[70.60366,41.45291],[70.60814,41.45248],[70.61218,41.45406],[70.61593,41.45658],[70.61754,41.45798],[70.61971,41.45956],[70.62297,41.45942],[70.62501,41.45948],[70.62645,41.4595],[70.62693,41.4595],[70.63078,41.46112],[70.63245,41.46026],[70.63424,41.45934],[70.6368,41.45839],[70.63826,41.4571],[70.64123,41.45692],[70.64589,41.45765],[70.64808,41.45789],[70.64856,41.45814],[70.64955,41.45861],[70.65077,41.45941],[70.65264,41.46064],[70.65283,41.46118],[70.65365,41.46286],[70.65696,41.46495],[70.65858,41.46577],[70.66195,41.468],[70.6633,41.46853],[70.666,41.47018],[70.66758,41.47043],[70.66944,41.47051],[70.6708,41.47058],[70.6742,41.46987],[70.6749,41.46973],[70.67812,41.46987],[70.68263,41.47161],[70.6868,41.47187],[70.68807,41.47005],[70.68977,41.46852],[70.69628,41.46763],[70.69777,41.46708],[70.70157,41.46569],[70.7045,41.46576],[70.70706,41.46586],[70.70784,41.46589],[70.70876,41.46583],[70.71413,41.46552],[70.71538,41.46574],[70.71716,41.46579],[70.71688,41.46436],[70.71698,41.4636],[70.71777,41.45987],[70.71693,41.45781],[70.71649,41.45559],[70.71531,41.45359],[70.71591,41.4517],[70.71726,41.4489],[70.71896,41.44572],[70.72088,41.44213],[70.72101,41.44205],[70.72413,41.44027],[70.72531,41.43939],[70.72707,41.43818],[70.72838,41.43747],[70.72995,41.43699],[70.7316,41.43588],[70.73307,41.43506],[70.73349,41.43272],[70.73357,41.43169],[70.73334,41.43039],[70.73362,41.42935],[70.73431,41.42899],[70.7344,41.4272],[70.73664,41.42708],[70.73811,41.42682],[70.73891,41.42566],[70.73969,41.42477],[70.74235,41.42168],[70.74254,41.41959],[70.74564,41.41876],[70.74624,41.4186],[70.74718,41.41843],[70.7486,41.4172],[70.74881,41.41701],[70.74991,41.4161],[70.75062,41.41537],[70.75247,41.41347],[70.75438,41.40958],[70.75439,41.4072],[70.75605,41.40522],[70.75736,41.40354],[70.76194,41.40209],[70.76293,41.40178],[70.76665,41.39897],[70.76773,41.3978],[70.76852,41.39693],[70.76979,41.39457],[70.77139,41.39265],[70.77399,41.39099],[70.77793,41.38865],[70.77837,41.38838],[70.77951,41.38661],[70.77986,41.38489],[70.77872,41.38306],[70.77869,41.38231],[70.77864,41.38087],[70.77902,41.38007],[70.77912,41.37853],[70.77875,41.37555],[70.77759,41.37375],[70.77586,41.37192],[70.77507,41.37082],[70.77572,41.36966],[70.77768,41.36793],[70.77912,41.36606],[70.77919,41.36419],[70.77938,41.35943],[70.78118,41.35438],[70.78456,41.35305],[70.78525,41.35078],[70.78707,41.34872],[70.78613,41.34734],[70.78421,41.34728],[70.7813,41.34617],[70.78063,41.34559],[70.78041,41.34526],[70.77996,41.34481],[70.78035,41.34021],[70.7807,41.3386],[70.77914,41.33588],[70.77897,41.33504],[70.77706,41.33306],[70.77703,41.33168],[70.77782,41.33106],[70.78196,41.33082],[70.78222,41.33069],[70.78275,41.33041],[70.78427,41.32759],[70.78516,41.32594],[70.78531,41.32566],[70.78526,41.32547],[70.78476,41.32373],[70.78472,41.32283],[70.78384,41.32041],[70.7788,41.31764],[70.77744,41.3168],[70.77671,41.31557],[70.77682,41.31318],[70.77521,41.3113],[70.77357,41.30683],[70.77321,41.30565],[70.77449,41.30156],[70.7764,41.29545],[70.77793,41.29112],[70.77803,41.29044],[70.77845,41.28758],[70.77806,41.28531],[70.77745,41.28176],[70.77731,41.28092],[70.77718,41.2802],[70.77563,41.27778],[70.77343,41.27644],[70.77017,41.27109],[70.76891,41.26778],[70.76857,41.2669],[70.76844,41.26516],[70.76946,41.2629],[70.77028,41.26181],[70.77305,41.25961],[70.7737,41.25869],[70.774,41.25776],[70.77383,41.25729],[70.77345,41.25625],[70.77357,41.25553],[70.77396,41.25305],[70.77311,41.25105],[70.77294,41.24831],[70.77279,41.2459],[70.77268,41.24415],[70.77347,41.24016],[70.77363,41.23777],[70.77367,41.23345],[70.7744,41.22957],[70.77547,41.22467],[70.77517,41.22008],[70.77584,41.2171],[70.77596,41.21655],[70.78142,41.20724],[70.78153,41.20296],[70.78256,41.19838],[70.78633,41.19485],[70.78733,41.19601],[70.78767,41.20046],[70.7941,41.21043],[70.79592,41.21127],[70.79749,41.21559],[70.79622,41.22332],[70.79723,41.22721],[70.79957,41.23055],[70.80204,41.23144],[70.80725,41.23181],[70.80963,41.23332],[70.81137,41.23538],[70.81466,41.23845],[70.81879,41.2399],[70.82285,41.24089],[70.82444,41.24135],[70.82634,41.24456],[70.82752,41.24629],[70.82905,41.24735],[70.83423,41.2502],[70.83545,41.25046],[70.8366,41.25059],[70.83793,41.25081],[70.83928,41.25062],[70.84088,41.25099],[70.8419,41.25077],[70.84446,41.25005],[70.84625,41.24928],[70.84804,41.24903],[70.85009,41.24862],[70.85058,41.24868],[70.8514,41.24908],[70.85211,41.24966],[70.85251,41.24994],[70.85334,41.24976],[70.85524,41.25026],[70.85862,41.24553],[70.85873,41.24539],[70.86089,41.24383],[70.86182,41.24324],[70.86285,41.2429],[70.86379,41.24287],[70.86879,41.23806],[70.87097,41.23694],[70.8716,41.23675],[70.87243,41.23558],[70.87647,41.23351],[70.87706,41.23238],[70.87859,41.23077],[70.87867,41.23017],[70.87938,41.22996],[70.87972,41.22969],[70.87985,41.22939],[70.87994,41.2285],[70.87928,41.22778],[70.87908,41.22749],[70.87945,41.22704],[70.87999,41.22676],[70.88013,41.22664],[70.88022,41.22646],[70.88017,41.22626],[70.88007,41.22594],[70.88013,41.22528],[70.88049,41.22454],[70.88023,41.22388],[70.88054,41.22323],[70.8822,41.22304],[70.88244,41.22317],[70.88424,41.22196],[70.88572,41.21929],[70.88608,41.2175],[70.88862,41.21539],[70.88887,41.21411],[70.89186,41.2119],[70.89478,41.21077],[70.89671,41.20859],[70.89908,41.20864],[70.90415,41.20675],[70.9051,41.2047],[70.90747,41.20269],[70.9115,41.20099],[70.91217,41.20028],[70.91225,41.19957],[70.91327,41.19877],[70.91521,41.19806],[70.91742,41.19775],[70.91976,41.19623],[70.92051,41.19482],[70.92572,41.19358],[70.92823,41.19288],[70.93117,41.19296],[70.93413,41.19128],[70.93768,41.18659],[70.94233,41.17591],[70.95064,41.16928],[70.9626,41.16576],[70.96578,41.16354],[70.96674,41.16405],[70.96674,41.16673],[70.97829,41.16929],[70.99194,41.17786],[70.9965,41.17671],[71.00816,41.18306],[71.01339,41.18527],[71.01784,41.18615],[71.02581,41.18772],[71.0298,41.18693],[71.03256,41.18765],[71.03324,41.18915],[71.03454,41.18983],[71.03505,41.19063],[71.03569,41.19081],[71.0387,41.19045],[71.03894,41.19042],[71.04134,41.18775],[71.04211,41.1875],[71.04293,41.18621],[71.04372,41.18516],[71.04473,41.18492],[71.04525,41.18424],[71.0494,41.18146],[71.05264,41.18108],[71.05412,41.18091],[71.05471,41.18121],[71.05569,41.18052],[71.05794,41.18025],[71.05832,41.17988],[71.06197,41.17823],[71.06738,41.17715],[71.07015,41.17723],[71.07086,41.17736],[71.07131,41.17675],[71.07274,41.17613],[71.07313,41.17563],[71.07401,41.17565],[71.07442,41.175],[71.07536,41.17382],[71.07508,41.17323],[71.07644,41.17313],[71.0774,41.17221],[71.07744,41.17181],[71.07747,41.1716],[71.07894,41.16769],[71.08002,41.16782],[71.08141,41.16875],[71.08309,41.16877],[71.08442,41.16808],[71.08467,41.1674],[71.08491,41.16674],[71.08503,41.16655],[71.08588,41.16515],[71.08652,41.16408],[71.08893,41.16194],[71.09039,41.16187],[71.09167,41.16075],[71.09448,41.15899],[71.09474,41.15745],[71.09618,41.15707],[71.09643,41.15685],[71.0966,41.15586],[71.0978,41.15583],[71.10005,41.15359],[71.10082,41.15396],[71.10194,41.15482],[71.10625,41.1546],[71.11191,41.14733],[71.11635,41.14511],[71.11982,41.14555],[71.12061,41.14461],[71.12113,41.14414],[71.12103,41.1438],[71.12156,41.14354],[71.12252,41.14334],[71.12262,41.14354],[71.12327,41.14346],[71.12327,41.14337],[71.12331,41.14333],[71.12371,41.14328],[71.12391,41.14325],[71.124,41.1433],[71.12406,41.14342],[71.12712,41.14358],[71.14391,41.15252],[71.15508,41.16153],[71.16176,41.16691],[71.16736,41.1694],[71.17229,41.16925],[71.17767,41.16908],[71.18249,41.17468],[71.18784,41.18089],[71.1954,41.18574],[71.20238,41.18554],[71.20249,41.18535],[71.21165,41.16825],[71.21777,41.16732],[71.2245,41.171],[71.22364,41.17989],[71.22435,41.18631],[71.22671,41.18882],[71.22998,41.19159],[71.23043,41.19202],[71.23144,41.19142],[71.23204,41.19166],[71.23209,41.19168],[71.23186,41.19213],[71.23251,41.19228],[71.23291,41.19216],[71.23346,41.19179],[71.2399,41.19123],[71.25184,41.18315],[71.25747,41.18636],[71.26694,41.18029],[71.27252,41.17339],[71.2782,41.15001],[71.27508,41.11333],[71.27771,41.10969],[71.27981,41.10587],[71.27938,41.10191],[71.27724,41.09942],[71.27998,41.10016],[71.28301,41.10165],[71.29348,41.10247],[71.29314,41.10528],[71.29724,41.10693],[71.29978,41.10778],[71.30383,41.10933],[71.30325,41.1105],[71.30363,41.11094],[71.31112,41.11262],[71.3161,41.11628],[71.32232,41.12182],[71.33509,41.12353],[71.3467,41.12724],[71.35042,41.12754],[71.35122,41.12722],[71.35225,41.1248],[71.35671,41.12512],[71.36888,41.12096],[71.37108,41.12095],[71.37316,41.12098],[71.37322,41.1254],[71.37579,41.12599],[71.37681,41.12643],[71.37801,41.1256],[71.38141,41.12603],[71.38135,41.12521],[71.37879,41.1201],[71.37868,41.11887],[71.38294,41.11906],[71.38777,41.12084],[71.39285,41.11226],[71.39569,41.10731],[71.39588,41.10741],[71.39615,41.10757],[71.39757,41.10883],[71.39932,41.11041],[71.40042,41.11138],[71.4018,41.11253],[71.40351,41.11356],[71.40619,41.11515],[71.41015,41.1175],[71.41256,41.11904],[71.41396,41.12001],[71.41546,41.12106],[71.4164,41.12173],[71.41783,41.12274],[71.41888,41.12348],[71.4195,41.12392],[71.42079,41.12485],[71.42208,41.12575],[71.42307,41.12647],[71.42393,41.12708],[71.42472,41.12763],[71.42632,41.12876],[71.42713,41.12935],[71.42777,41.12974],[71.42923,41.13062],[71.42996,41.13108],[71.43131,41.13205],[71.43201,41.1326],[71.43263,41.13336],[71.43303,41.13396],[71.43498,41.13706],[71.43632,41.1392],[71.4375,41.1411],[71.43801,41.14194],[71.43838,41.14253],[71.43904,41.14359],[71.43948,41.14424],[71.43975,41.14462],[71.4403,41.14532],[71.44097,41.14618],[71.44182,41.14705],[71.4425,41.14774],[71.4437,41.14894],[71.4451,41.15035],[71.44574,41.15102],[71.44902,41.15435],[71.45165,41.157],[71.45113,41.15777],[71.45122,41.15922],[71.4516,41.15986],[71.45173,41.16006],[71.45192,41.16068],[71.45189,41.16105],[71.45151,41.16169],[71.45118,41.16202],[71.45094,41.16212],[71.4506,41.16214],[71.45043,41.16216],[71.45026,41.16226],[71.45017,41.16244],[71.45011,41.16295],[71.45004,41.1634],[71.4499,41.16354],[71.44978,41.16358],[71.44944,41.16364],[71.44927,41.16371],[71.44923,41.16377],[71.44921,41.16389],[71.44923,41.164],[71.44943,41.16419],[71.44962,41.16432],[71.44969,41.16445],[71.4497,41.16462],[71.44957,41.16484],[71.4494,41.16496],[71.4492,41.165],[71.44897,41.16501],[71.44844,41.16494],[71.44808,41.16484],[71.44761,41.16479],[71.44714,41.16483],[71.44678,41.16493],[71.4466,41.16495],[71.44637,41.16495],[71.44622,41.16491],[71.44588,41.16483],[71.44569,41.16483],[71.44557,41.16487],[71.4455,41.16492],[71.44543,41.16502],[71.44546,41.16509],[71.44551,41.16521],[71.44559,41.16527],[71.44599,41.16541],[71.44613,41.16557],[71.44616,41.16567],[71.44608,41.1659],[71.44603,41.16613],[71.44617,41.16679],[71.44617,41.16691],[71.44612,41.16702],[71.44586,41.16731],[71.44568,41.16743],[71.44545,41.16754],[71.44518,41.16761],[71.44507,41.16773],[71.44505,41.16797],[71.44493,41.16817],[71.44469,41.16831],[71.44435,41.16846],[71.44413,41.1685],[71.44389,41.1685],[71.4435,41.16851],[71.44332,41.16853],[71.44313,41.16862],[71.44304,41.16872],[71.44302,41.1688],[71.44306,41.16891],[71.44332,41.16938],[71.44337,41.16959],[71.44335,41.16978],[71.4433,41.16999],[71.44322,41.17012],[71.44312,41.1703],[71.4427,41.17057],[71.44255,41.17069],[71.44244,41.1708],[71.44242,41.17086],[71.44242,41.17101],[71.44249,41.17126],[71.4425,41.17147],[71.44241,41.17168],[71.44234,41.1718],[71.4421,41.17202],[71.44189,41.1722],[71.44171,41.17228],[71.44161,41.17231],[71.44146,41.1723],[71.44124,41.17225],[71.44095,41.17211],[71.4408,41.17204],[71.44068,41.17194],[71.43935,41.1707],[71.4389,41.17044],[71.43807,41.17011],[71.43742,41.16998],[71.43707,41.17014],[71.43624,41.17098],[71.43625,41.17187],[71.4353,41.17268],[71.43552,41.17413],[71.43646,41.17649],[71.43634,41.17668],[71.43576,41.17692],[71.43542,41.17712],[71.43535,41.17734],[71.43542,41.17792],[71.43557,41.17821],[71.4358,41.17833],[71.43615,41.17845],[71.43605,41.17874],[71.4357,41.17871],[71.43326,41.17817],[71.43295,41.17844],[71.43242,41.18034],[71.4324,41.18211],[71.43192,41.18255],[71.43208,41.18297],[71.43181,41.18403],[71.43046,41.18515],[71.43098,41.18758],[71.43063,41.18819],[71.43108,41.18922],[71.43234,41.18983],[71.4361,41.19154],[71.4395,41.19353],[71.44054,41.194],[71.44134,41.19406],[71.44217,41.19441],[71.44251,41.1946],[71.44304,41.19517],[71.44354,41.19585],[71.4442,41.19736],[71.44503,41.19805],[71.44661,41.19886],[71.44863,41.20048],[71.4485,41.20108],[71.45286,41.20271],[71.4587,41.20734],[71.45786,41.21008],[71.46024,41.21337],[71.45723,41.2152],[71.45806,41.21802],[71.45611,41.22189],[71.45145,41.22494],[71.44843,41.22535],[71.44804,41.22706],[71.45034,41.22972],[71.45109,41.23044],[71.45416,41.23651],[71.45219,41.23886],[71.45184,41.24215],[71.44819,41.24491],[71.44236,41.24813],[71.44435,41.25419],[71.44775,41.25821],[71.45687,41.26256],[71.45383,41.26752],[71.45028,41.26858],[71.45235,41.27802],[71.44853,41.28017],[71.44745,41.28097],[71.44661,41.28504],[71.44955,41.28747],[71.45983,41.29335],[71.46535,41.29576],[71.47051,41.29683],[71.47668,41.29524],[71.48307,41.2959],[71.48935,41.29478],[71.49208,41.29522],[71.49815,41.29653],[71.49976,41.29939],[71.5114,41.30662],[71.51642,41.30739],[71.51891,41.30576],[71.51988,41.3039],[71.51998,41.30064],[71.52263,41.29721],[71.52234,41.29629],[71.52182,41.29549],[71.52187,41.29406],[71.5236,41.29151],[71.52956,41.29364],[71.52975,41.29336],[71.53095,41.29277],[71.53166,41.29267],[71.53249,41.29274],[71.53248,41.29287],[71.53352,41.29312],[71.53413,41.29336],[71.53505,41.29386],[71.53643,41.29416],[71.53703,41.29442],[71.5419,41.29337],[71.55084,41.29128],[71.55556,41.29071],[71.56027,41.28999],[71.56313,41.29114],[71.56674,41.29346],[71.56981,41.29551],[71.57776,41.30179],[71.57954,41.30313],[71.58109,41.3049],[71.58235,41.30683],[71.58622,41.30802],[71.58867,41.30922],[71.59185,41.31079],[71.5929,41.31328],[71.59471,41.31525],[71.59664,41.31657],[71.6001,41.31949],[71.60129,41.32201],[71.6032,41.32202],[71.60467,41.32476],[71.60496,41.32705],[71.60694,41.32832],[71.60923,41.33197],[71.61092,41.33502],[71.61465,41.33625],[71.6203,41.33552],[71.62562,41.33765],[71.62824,41.33972],[71.63079,41.34008],[71.63635,41.3425],[71.638,41.34558],[71.63832,41.35051],[71.63966,41.35265],[71.6422,41.3528],[71.64499,41.35443],[71.64668,41.3572],[71.64638,41.35827],[71.64659,41.35935],[71.64842,41.3599],[71.65043,41.36214],[71.65046,41.36552],[71.65202,41.3657],[71.6523,41.36715],[71.65466,41.36859],[71.65488,41.36976],[71.65477,41.37054],[71.65579,41.37165],[71.65727,41.37488],[71.65814,41.37616],[71.65977,41.37755],[71.66025,41.37834],[71.66002,41.379],[71.6602,41.38013],[71.66122,41.38076],[71.66234,41.38212],[71.66149,41.38352],[71.65969,41.38505],[71.65848,41.38702],[71.65825,41.38729],[71.65916,41.3896],[71.65083,41.39314],[71.65057,41.39378],[71.6508,41.39506],[71.65061,41.39825],[71.65149,41.39898],[71.65319,41.39994],[71.65385,41.4001],[71.65738,41.39926],[71.65899,41.39917],[71.66161,41.40002],[71.6657,41.40156],[71.66579,41.4018],[71.666,41.40201],[71.66642,41.40241],[71.66539,41.40443],[71.66611,41.40515],[71.66723,41.40556],[71.66769,41.40627],[71.66934,41.40698],[71.67066,41.40717],[71.67137,41.40788],[71.6719,41.40794],[71.67255,41.40741],[71.67491,41.407],[71.67514,41.40715],[71.67521,41.40769],[71.67457,41.40825],[71.67198,41.40915],[71.67149,41.41014],[71.67125,41.4112],[71.67236,41.4124],[71.67355,41.41295],[71.67569,41.41453],[71.67789,41.41562],[71.67888,41.41582],[71.67935,41.417],[71.67954,41.41846],[71.67981,41.41927],[71.68021,41.42073],[71.68079,41.42205],[71.6801,41.42287],[71.67834,41.42466],[71.67714,41.42596],[71.67688,41.42814],[71.67784,41.4327],[71.67541,41.43369],[71.67598,41.43513],[71.67529,41.43584],[71.67473,41.43627],[71.67437,41.43647],[71.67315,41.43796],[71.67279,41.44057],[71.67203,41.44392],[71.66314,41.45199],[71.66476,41.45514],[71.66559,41.45803],[71.66538,41.45927],[71.66527,41.46057],[71.66448,41.46194],[71.6645,41.46366],[71.66287,41.4644],[71.66108,41.46447],[71.65939,41.46509],[71.65708,41.46836],[71.65109,41.48197],[71.64952,41.48142],[71.64694,41.47989],[71.64369,41.47891],[71.64216,41.47875],[71.64153,41.4779],[71.6411,41.47805],[71.63916,41.47905],[71.63837,41.47896],[71.63627,41.47863],[71.6336,41.47802],[71.62941,41.4777],[71.6272,41.4766],[71.62552,41.47637],[71.62407,41.47599],[71.62294,41.4749],[71.62117,41.47327],[71.62009,41.47245],[71.61852,41.47253],[71.61733,41.47251],[71.61171,41.47208],[71.60842,41.47289],[71.6059,41.47342],[71.60159,41.4768],[71.60249,41.47772],[71.60354,41.47745],[71.60442,41.47745],[71.6072,41.47836],[71.60945,41.48005],[71.60993,41.4803],[71.61068,41.48032],[71.61086,41.4805],[71.61144,41.48064],[71.6129,41.48124],[71.61339,41.48165],[71.61825,41.48563],[71.61805,41.48757],[71.61993,41.48714],[71.62151,41.48776],[71.62411,41.48877],[71.62747,41.4866],[71.62833,41.48703],[71.63039,41.48645],[71.63215,41.4882],[71.63509,41.48904],[71.63942,41.48729],[71.64316,41.48708],[71.64508,41.48763],[71.64636,41.48799],[71.6577,41.49211],[71.66096,41.49237],[71.66365,41.49508],[71.66502,41.49695],[71.6652,41.49735],[71.66573,41.49764],[71.66622,41.4977],[71.66727,41.49766],[71.66816,41.49748],[71.66945,41.49743],[71.66982,41.49752],[71.67027,41.49776],[71.67084,41.49855],[71.67098,41.5003],[71.67144,41.50153],[71.67248,41.50288],[71.67348,41.50378],[71.67384,41.50473],[71.67389,41.50567],[71.67453,41.50614],[71.67843,41.509],[71.6778,41.51261],[71.67733,41.51338],[71.67658,41.51493],[71.68301,41.52016],[71.69236,41.52496],[71.69217,41.52728],[71.69349,41.52809],[71.69836,41.52877],[71.6979,41.53051],[71.69777,41.53209],[71.69944,41.5353],[71.70621,41.53557],[71.70605,41.54233],[71.70832,41.54225],[71.71074,41.54285],[71.71216,41.54403],[71.71454,41.54523],[71.71693,41.54714],[71.71743,41.54824],[71.72316,41.54783],[71.72926,41.54563],[71.73357,41.54348],[71.73524,41.54144],[71.73608,41.53958],[71.73703,41.53899],[71.73715,41.53876],[71.7355,41.53652],[71.73527,41.53587],[71.73693,41.53344],[71.7358,41.53232],[71.73545,41.531],[71.73479,41.53],[71.73214,41.52716],[71.72861,41.52542],[71.72755,41.52512],[71.72717,41.52524],[71.72691,41.52632],[71.72651,41.5263],[71.72554,41.5252],[71.72444,41.52502],[71.72391,41.52404],[71.72257,41.52356],[71.72084,41.52361],[71.72076,41.52343],[71.72025,41.5226],[71.72046,41.52205],[71.71986,41.52153],[71.72012,41.52075],[71.72088,41.52019],[71.72279,41.52003],[71.7236,41.52024],[71.724,41.52105],[71.72495,41.52136],[71.72594,41.52031],[71.72706,41.5192],[71.72817,41.51799],[71.72935,41.51728],[71.73133,41.51683],[71.73237,41.51669],[71.73393,41.51606],[71.73173,41.51505],[71.72979,41.51127],[71.73127,41.50957],[71.72952,41.50942],[71.72906,41.50937],[71.72811,41.50875],[71.72897,41.5079],[71.72926,41.50747],[71.72922,41.5066],[71.72983,41.50523],[71.72976,41.50478],[71.72786,41.5035],[71.72766,41.50336],[71.72674,41.50284],[71.72564,41.50215],[71.72392,41.50219],[71.72303,41.50065],[71.72453,41.49736],[71.72614,41.49579],[71.72756,41.4939],[71.72778,41.49324],[71.72605,41.49301],[71.72516,41.49314],[71.72433,41.49199],[71.72335,41.49242],[71.72224,41.49335],[71.72132,41.49366],[71.72081,41.49414],[71.71992,41.49422],[71.71875,41.49448],[71.71767,41.49436],[71.71757,41.49338],[71.71644,41.49218],[71.71272,41.49327],[71.71265,41.49231],[71.71364,41.49044],[71.71498,41.48756],[71.71286,41.48715],[71.71156,41.48765],[71.71099,41.48765],[71.712,41.4845],[71.71437,41.47838],[71.71569,41.47633],[71.7178,41.47311],[71.71639,41.47212],[71.71619,41.47183],[71.71727,41.47153],[71.71901,41.47104],[71.71937,41.47069],[71.71985,41.4705],[71.72089,41.46951],[71.71997,41.46849],[71.72013,41.46785],[71.72196,41.46685],[71.72102,41.46436],[71.71947,41.46348],[71.7188,41.46133],[71.71753,41.46044],[71.71636,41.4608],[71.7151,41.46083],[71.71363,41.46006],[71.71299,41.45994],[71.71192,41.45933],[71.71157,41.45899],[71.71152,41.4586],[71.70971,41.45794],[71.7084,41.45788],[71.70696,41.45859],[71.70706,41.45755],[71.70795,41.45681],[71.70815,41.45463],[71.70748,41.45415],[71.70645,41.45408],[71.70544,41.45385],[71.70504,41.45342],[71.70465,41.45313],[71.70401,41.45242],[71.70294,41.45218],[71.70345,41.45153],[71.69928,41.44861],[71.69688,41.44533],[71.69706,41.44444],[71.6968,41.44402],[71.69701,41.44382],[71.69733,41.44385],[71.69862,41.44397],[71.69877,41.4439],[71.69868,41.44316],[71.69753,41.44112],[71.69652,41.43883],[71.69571,41.43802],[71.69608,41.43653],[71.69558,41.4354],[71.69519,41.43397],[71.69521,41.43342],[71.69435,41.42873],[71.69078,41.42515],[71.69,41.42278],[71.68968,41.42122],[71.6886,41.42025],[71.68816,41.41951],[71.68938,41.41819],[71.68944,41.41625],[71.69216,41.41541],[71.69351,41.41446],[71.69576,41.41296],[71.69845,41.41041],[71.70124,41.40714],[71.70549,41.40448],[71.7064,41.40188],[71.70801,41.40148],[71.71005,41.39998],[71.71215,41.39903],[71.7143,41.39964],[71.71717,41.40194],[71.72489,41.40233],[71.72783,41.40889],[71.72837,41.4128],[71.72069,41.41569],[71.72091,41.41857],[71.72821,41.4257],[71.72023,41.43374],[71.7231,41.43458],[71.72457,41.43496],[71.72245,41.43596],[71.72544,41.43982],[71.72982,41.44424],[71.73594,41.44261],[71.73936,41.44275],[71.74206,41.44317],[71.74531,41.4417],[71.74831,41.44088],[71.75293,41.43416],[71.75956,41.43528],[71.76328,41.43951],[71.76403,41.44027],[71.76986,41.44616],[71.77362,41.44796],[71.77739,41.44667],[71.78215,41.44389],[71.78627,41.44192],[71.79209,41.43948],[71.79322,41.43373],[71.79489,41.42883],[71.7938,41.42557],[71.79458,41.41999],[71.79279,41.4172],[71.79459,41.41324],[71.79651,41.41109],[71.79702,41.40851],[71.79971,41.40806],[71.80101,41.40601],[71.80447,41.39988],[71.8055,41.39927],[71.80634,41.39945],[71.80686,41.39996],[71.80695,41.40116],[71.80725,41.40125],[71.80786,41.40107],[71.80976,41.39778],[71.81176,41.39579],[71.8127,41.39581],[71.81244,41.39319],[71.81338,41.39266],[71.81391,41.39274],[71.81447,41.3922],[71.81507,41.39205],[71.81562,41.39202],[71.81693,41.39263],[71.82015,41.39154],[71.82583,41.38866],[71.82745,41.3869],[71.82968,41.38795],[71.83097,41.38765],[71.83047,41.38628],[71.8306,41.38493],[71.83082,41.38471],[71.83156,41.3845],[71.83167,41.38426],[71.8307,41.38242],[71.83032,41.38198],[71.83028,41.38155],[71.8308,41.38118],[71.83161,41.38115],[71.83175,41.38087],[71.83128,41.38052],[71.83114,41.37999],[71.83024,41.37938],[71.83081,41.37673],[71.83377,41.37703],[71.83579,41.37674],[71.84067,41.37448],[71.83638,41.3687],[71.83552,41.36855],[71.83552,41.36628],[71.83488,41.36589],[71.83494,41.36501],[71.83385,41.36378],[71.83348,41.36223],[71.83419,41.35905],[71.83537,41.35874],[71.83685,41.35752],[71.83767,41.35645],[71.83799,41.35586],[71.83827,41.35473],[71.84018,41.35429],[71.84319,41.3525],[71.84583,41.35244],[71.85754,41.35136],[71.86667,41.34915],[71.86746,41.3501],[71.86712,41.35154],[71.86754,41.35298],[71.86878,41.35372],[71.87077,41.354],[71.87262,41.35561],[71.87431,41.35763],[71.87509,41.35916],[71.87638,41.3611],[71.87817,41.36225],[71.8786,41.36357],[71.87856,41.36437],[71.87893,41.3643],[71.87894,41.36362],[71.87926,41.36313],[71.87973,41.36255],[71.88085,41.36234],[71.88262,41.362],[71.88437,41.36021],[71.88318,41.35859],[71.88313,41.35732],[71.89208,41.35047],[71.89344,41.34268],[71.88041,41.33785],[71.88744,41.3258],[71.89062,41.32195],[71.89356,41.31771],[71.89721,41.31308],[71.90031,41.30906],[71.90256,41.30742],[71.90664,41.3053],[71.90908,41.30297],[71.91405,41.30104],[71.92051,41.29742],[71.92356,41.29594],[71.92519,41.29456],[71.92513,41.29422],[71.92273,41.29201],[71.92044,41.29046],[71.91881,41.2886],[71.91674,41.28704],[71.91425,41.28536],[71.91644,41.2846],[71.9158,41.28418],[71.91449,41.2841],[71.91345,41.28374],[71.91258,41.28248],[71.91033,41.28006],[71.91004,41.27867],[71.90926,41.27793],[71.91337,41.26258],[71.91315,41.26106],[71.91345,41.25797],[71.9112,41.25676],[71.90397,41.25601],[71.90201,41.25571],[71.90023,41.25546],[71.89917,41.25456],[71.89869,41.25256],[71.89673,41.25144],[71.89538,41.25009],[71.8952,41.24316],[71.89543,41.24126],[71.89075,41.23845],[71.89127,41.23641],[71.8904,41.2353],[71.88981,41.23303],[71.88857,41.23208],[71.87855,41.22515],[71.86932,41.21761],[71.86201,41.20085],[71.8636,41.19746],[71.87164,41.19427],[71.88381,41.19326],[71.88516,41.19055],[71.88335,41.17883],[71.88636,41.16781],[71.89537,41.16188],[71.90457,41.15933],[71.90739,41.15921],[71.9103,41.15974],[71.91207,41.15993],[71.91374,41.16053],[71.91493,41.15993],[71.91684,41.15801],[71.91765,41.15623],[71.91858,41.15597],[71.92047,41.15607],[71.92212,41.15555],[71.92399,41.15639],[71.92543,41.15507],[71.92686,41.15438],[71.93005,41.15358],[71.93064,41.1532],[71.93049,41.1524],[71.93137,41.15212],[71.93271,41.15201],[71.93381,41.15162],[71.93498,41.15167],[71.93584,41.15061],[71.93688,41.15036],[71.94263,41.14536],[71.95164,41.1461],[71.96017,41.15697],[71.98737,41.15699],[71.99288,41.15744],[72.00023,41.15698],[72.0066,41.15652],[72.00625,41.15201],[72.01029,41.14576],[72.01281,41.14236],[72.01631,41.14076],[72.01947,41.13965],[72.02183,41.13789],[72.02639,41.13653],[72.0309,41.1366],[72.03573,41.13595],[72.03672,41.1357],[72.03749,41.13535],[72.03931,41.13451],[72.04104,41.13368],[72.04195,41.13324],[72.04528,41.13246],[72.04768,41.13242],[72.04918,41.13178],[72.05054,41.12981],[72.05295,41.12978],[72.05399,41.12947],[72.05503,41.12781],[72.05555,41.1272],[72.05684,41.12754],[72.05774,41.12748],[72.05782,41.12685],[72.06019,41.12603],[72.06187,41.12473],[72.06251,41.12356],[72.0643,41.1213],[72.066,41.12023],[72.06735,41.11947],[72.0686,41.11808],[72.07109,41.11744],[72.07416,41.12168],[72.07904,41.1252],[72.08188,41.12709],[72.0937,41.13477],[72.09469,41.13701],[72.09544,41.14108],[72.09961,41.14638],[72.10218,41.14806],[72.10451,41.15054],[72.10738,41.15284],[72.11056,41.15399],[72.12035,41.15334],[72.12635,41.15572],[72.13065,41.15919],[72.13393,41.16154],[72.13697,41.16235],[72.13932,41.16142],[72.14692,41.15922],[72.15538,41.1602],[72.16384,41.16411],[72.16645,41.16211],[72.16856,41.164],[72.16946,41.16328],[72.17504,41.15812],[72.17674,41.15677],[72.17663,41.15664],[72.17649,41.15648],[72.17619,41.15612],[72.17636,41.15584],[72.17537,41.15468],[72.17284,41.15149],[72.1711,41.15008],[72.16952,41.14839],[72.16701,41.14637],[72.16489,41.14464],[72.15373,41.1393],[72.15151,41.13835],[72.14965,41.13825],[72.14807,41.13785],[72.1469,41.13782],[72.14567,41.13761],[72.14568,41.13742],[72.14615,41.13665],[72.14901,41.13637],[72.15087,41.13689],[72.1504,41.13129],[72.15003,41.12534],[72.15685,41.12345],[72.15826,41.12376],[72.1597,41.12308],[72.16321,41.12255],[72.1667,41.12068],[72.1687,41.119],[72.17887,41.11666],[72.17923,41.11215],[72.17957,41.10791],[72.17954,41.10643],[72.18124,41.10577],[72.18583,41.104],[72.18658,41.10163],[72.18985,41.10224],[72.19003,41.10216],[72.19009,41.10201],[72.1907,41.09895],[72.19101,41.09712],[72.19212,41.09101],[72.19311,41.08614],[72.19558,41.08167],[72.19821,41.07657],[72.20149,41.07294],[72.20369,41.06677],[72.20313,41.06508],[72.2032,41.06452],[72.20473,41.06359],[72.20622,41.06285],[72.20738,41.06192],[72.20848,41.0595],[72.20836,41.05686],[72.20826,41.05494],[72.20866,41.05373],[72.21011,41.05082],[72.20964,41.0461],[72.20869,41.04291],[72.20858,41.04148],[72.20872,41.04081],[72.2088,41.04038],[72.20852,41.03922],[72.20928,41.03792],[72.20935,41.03747],[72.20919,41.03714],[72.20915,41.03655],[72.20896,41.03558],[72.20878,41.03507],[72.20879,41.03341],[72.20829,41.03243],[72.20821,41.032],[72.20833,41.03172],[72.20847,41.03099],[72.20776,41.02847],[72.20762,41.02837],[72.20737,41.0283],[72.20663,41.02822],[72.20646,41.02812],[72.20613,41.02777],[72.20591,41.02769],[72.20515,41.02787],[72.20205,41.02889],[72.20179,41.02972],[72.19747,41.03107],[72.19733,41.02983],[72.19711,41.02885],[72.19682,41.02863],[72.19695,41.02812],[72.19305,41.02444],[72.19084,41.02129],[72.18944,41.01889],[72.18597,41.01237],[72.18404,41.00935],[72.18327,41.00883],[72.1824,41.0069],[72.16153,41.0134],[72.15903,41.00532],[72.16051,41.00454],[72.16106,41.00419],[72.16322,41.00313],[72.16576,41.00214],[72.16617,41.00165],[72.16642,41.00059],[72.16673,41.00007],[72.17154,40.99484],[72.17162,40.9924],[72.17155,40.99221],[72.17111,40.9919],[72.17102,40.99177],[72.17104,40.99166],[72.1712,40.99156],[72.17143,40.99151],[72.17136,40.99084],[72.1714,40.98984],[72.17155,40.98874],[72.17176,40.98803],[72.172,40.98787],[72.17347,40.988],[72.1753,40.98809],[72.17536,40.98864],[72.17723,40.98933],[72.17747,40.99009],[72.18224,40.99264],[72.18185,40.99395],[72.18359,40.99457],[72.18452,40.99687],[72.18811,40.99743],[72.19203,40.99725],[72.19335,40.99751],[72.19502,40.99728],[72.19651,40.9973],[72.20039,40.99869],[72.2076,40.99772],[72.20891,40.99759],[72.20907,40.99763],[72.2088,40.99814],[72.2088,40.99836],[72.20883,40.99871],[72.20902,40.99881],[72.20967,40.99901],[72.21257,40.99977],[72.21357,40.99997],[72.21515,41.00005],[72.21669,41.00003],[72.218,41.00021],[72.21998,41.00092],[72.22158,41.00017],[72.22311,41.0002],[72.22371,41.00004],[72.22422,41.00015],[72.22502,41.00044],[72.22586,41.00081],[72.22657,41.00091],[72.22701,41.00102],[72.22801,41.00115],[72.23018,41.00119],[72.23369,41.00165],[72.23423,41.00193],[72.23458,41.00199],[72.23613,41.00199],[72.23635,41.00196],[72.23657,41.00183],[72.23678,41.0018],[72.23778,41.00194],[72.23819,41.00213],[72.23848,41.00208],[72.23878,41.00216],[72.23967,41.00276],[72.24029,41.00373],[72.24174,41.00468],[72.24202,41.00508],[72.24283,41.0043],[72.24471,41.00468],[72.24514,41.0046],[72.24661,41.00378],[72.24492,41.0031],[72.24442,41.00282],[72.24429,41.00257],[72.24449,41.00227],[72.24499,41.00177],[72.245,41.00133],[72.24515,41.00123],[72.2458,41.00123],[72.24605,41.00104],[72.24661,41.00145],[72.24705,41.00166],[72.24728,41.00188],[72.24808,41.00208],[72.24837,41.0023],[72.24959,41.00251],[72.25187,41.00326],[72.2521,41.00327],[72.25282,41.00361],[72.2531,41.00394],[72.25364,41.00414],[72.25435,41.00415],[72.25476,41.00431],[72.25499,41.00449],[72.25543,41.00453],[72.2561,41.00478],[72.25692,41.00486],[72.25698,41.005],[72.25785,41.00526],[72.25911,41.00577],[72.25986,41.00593],[72.2599,41.00621],[72.25976,41.00649],[72.25944,41.00684],[72.25949,41.00732],[72.25963,41.00767],[72.26057,41.00789],[72.26148,41.00866],[72.26175,41.00904],[72.2624,41.00894],[72.26286,41.00914],[72.26314,41.00967],[72.26377,41.00989],[72.26421,41.0099],[72.26445,41.01001],[72.26451,41.01042],[72.26545,41.01105],[72.26591,41.01153],[72.26655,41.01164],[72.26704,41.0113],[72.26836,41.01092],[72.26932,41.01083],[72.27076,41.01109],[72.27155,41.01153],[72.27142,41.01198],[72.27224,41.01241],[72.27286,41.01328],[72.27549,41.01424],[72.27642,41.015],[72.27847,41.01563],[72.27901,41.01599],[72.27912,41.01648],[72.27937,41.01676],[72.27979,41.017],[72.27987,41.01844],[72.27994,41.01878],[72.28025,41.01905],[72.28181,41.0198],[72.28234,41.02038],[72.28261,41.02044],[72.28365,41.02042],[72.28407,41.02048],[72.28635,41.02218],[72.28691,41.02275],[72.28706,41.02325],[72.28726,41.02344],[72.28799,41.02381],[72.28834,41.0241],[72.28889,41.02479],[72.28887,41.02518],[72.28799,41.02574],[72.2879,41.02591],[72.2887,41.0265],[72.28956,41.02657],[72.29042,41.02678],[72.29092,41.02732],[72.29076,41.02754],[72.28957,41.02784],[72.28957,41.0282],[72.28973,41.02843],[72.2908,41.02843],[72.29223,41.0286],[72.29343,41.02935],[72.2945,41.02981],[72.29512,41.02981],[72.29606,41.02965],[72.29862,41.02913],[72.29983,41.02899],[72.30065,41.02922],[72.30178,41.02905],[72.303,41.02975],[72.30411,41.02956],[72.3049,41.03027],[72.30521,41.03029],[72.30572,41.02993],[72.30617,41.03012],[72.3064,41.0309],[72.30676,41.03165],[72.30739,41.03237],[72.30823,41.03246],[72.30872,41.03216],[72.30862,41.03153],[72.30902,41.03061],[72.31007,41.03099],[72.31054,41.03082],[72.31043,41.03008],[72.31096,41.02985],[72.31238,41.03011],[72.31398,41.03048],[72.31579,41.03086],[72.31717,41.03173],[72.32006,41.03318],[72.32108,41.03365],[72.32165,41.03398],[72.32254,41.03486],[72.32498,41.03551],[72.33029,41.03693],[72.3296,41.03817],[72.32972,41.03914],[72.33017,41.03943],[72.33255,41.04167],[72.33404,41.04178],[72.33538,41.04315],[72.33753,41.04304],[72.33852,41.04369],[72.33945,41.04461],[72.34013,41.04553],[72.34057,41.04652],[72.34156,41.0483],[72.3416,41.04838],[72.34162,41.04842],[72.34163,41.04846],[72.34197,41.04937],[72.34491,41.05557],[72.34719,41.05942],[72.3477,41.06002],[72.34949,41.0602],[72.35039,41.06035],[72.35094,41.05742],[72.35143,41.0569],[72.35218,41.05578],[72.35282,41.05532],[72.35364,41.05417],[72.35469,41.0532],[72.35539,41.05223],[72.35701,41.04961],[72.35712,41.04915],[72.35793,41.04854],[72.35824,41.04804],[72.35894,41.04761],[72.3596,41.0466],[72.36077,41.04624],[72.36197,41.04571],[72.36145,41.0455],[72.36065,41.04463],[72.36047,41.04465],[72.36044,41.04441],[72.36058,41.04424],[72.36191,41.04332],[72.36431,41.0426],[72.36603,41.04185],[72.36806,41.04153],[72.37063,41.04137],[72.37264,41.04157],[72.3735,41.0412],[72.3746,41.04125],[72.37575,41.04098],[72.37716,41.04096],[72.38136,41.03157],[72.38591,41.03009],[72.38881,41.02907],[72.3892,41.0289],[72.39003,41.02841],[72.39315,41.02756],[72.39512,41.02754],[72.39697,41.02783],[72.39941,41.02774],[72.40506,41.02807],[72.40831,41.02784],[72.41088,41.02711],[72.41678,41.0264],[72.41827,41.02845],[72.42103,41.02868],[72.42203,41.02908],[72.42288,41.03004],[72.42308,41.03058],[72.42351,41.03088],[72.42386,41.03179],[72.42523,41.03243],[72.42573,41.03288],[72.42612,41.03445],[72.42837,41.03367],[72.42918,41.03359],[72.43041,41.03364],[72.43104,41.0336],[72.43285,41.03296],[72.43418,41.03262],[72.43492,41.03261],[72.4358,41.03194],[72.43712,41.0316],[72.43819,41.0315],[72.43888,41.03135],[72.44054,41.03129],[72.44164,41.03141],[72.44249,41.03171],[72.44334,41.03048],[72.44412,41.03164],[72.44437,41.0316],[72.44511,41.0313],[72.44597,41.03055],[72.44643,41.03024],[72.44739,41.02968],[72.44779,41.02948],[72.44816,41.02938],[72.44978,41.02907],[72.45009,41.02901],[72.45099,41.02854],[72.45271,41.02767],[72.45301,41.02748],[72.45391,41.02639],[72.46737,41.01543],[72.47344,41.01192],[72.48039,41.00834],[72.48647,41.00264],[72.48787,41.00087],[72.48802,40.99842],[72.48549,40.99086],[72.48714,40.98992],[72.49097,40.98992],[72.49423,40.9884],[72.49683,40.9883],[72.49664,40.98758],[72.49667,40.98711],[72.49702,40.98671],[72.49816,40.98628],[72.49857,40.98628],[72.49987,40.98692],[72.50021,40.98697],[72.5014,40.98723],[72.5016,40.98716],[72.50165,40.987],[72.50025,40.98432],[72.49668,40.98165],[72.49491,40.97976],[72.49058,40.97694],[72.48967,40.97646],[72.48855,40.97571],[72.48809,40.97513],[72.4878,40.97452],[72.48774,40.97405],[72.48781,40.97366],[72.48826,40.97305],[72.48865,40.97245],[72.48944,40.9719],[72.48986,40.97135],[72.49046,40.97055],[72.49082,40.97007],[72.49524,40.96821],[72.49579,40.96747],[72.49604,40.96747],[72.49665,40.96807],[72.49708,40.96839],[72.49754,40.96854],[72.49793,40.96843],[72.49872,40.9679],[72.49901,40.96747],[72.49925,40.96727],[72.49971,40.96729],[72.50014,40.96752],[72.50088,40.96834],[72.50362,40.97],[72.50393,40.97047],[72.50557,40.971],[72.50607,40.97071],[72.50641,40.96939],[72.50758,40.96842],[72.50804,40.96867],[72.50928,40.96911],[72.51137,40.96967],[72.51274,40.96952],[72.514,40.96968],[72.51427,40.9694],[72.51526,40.96914],[72.51586,40.96927],[72.51772,40.96886],[72.51782,40.96868],[72.51791,40.96862],[72.51925,40.96937],[72.51968,40.96945],[72.52195,40.96799],[72.52227,40.96761],[72.52487,40.96604],[72.52509,40.96543],[72.52381,40.96362],[72.52107,40.96187],[72.52512,40.95958],[72.52527,40.95959],[72.52919,40.96393],[72.53124,40.96146],[72.53155,40.96133],[72.53494,40.96142],[72.5381,40.96166],[72.54014,40.96223],[72.54219,40.96325],[72.54338,40.96418],[72.54263,40.96477],[72.54384,40.96524],[72.54483,40.9658],[72.54633,40.96476],[72.54807,40.96382],[72.55147,40.96182],[72.55166,40.9614],[72.55151,40.96076],[72.55152,40.95989],[72.55038,40.95895],[72.54993,40.9586],[72.5497,40.95754],[72.5507,40.95627],[72.55598,40.95484],[72.55672,40.95477],[72.55822,40.95271],[72.55877,40.9519],[72.55889,40.95111],[72.55931,40.95041],[72.56032,40.9495],[72.5614,40.9488],[72.56186,40.94721],[72.56245,40.94624],[72.56063,40.94343],[72.56133,40.94295],[72.56317,40.94261],[72.56357,40.94198],[72.56307,40.94026],[72.56411,40.93864],[72.56739,40.93638],[72.56938,40.93444],[72.57071,40.93256],[72.57093,40.93143],[72.57384,40.92814],[72.57704,40.92259],[72.5803,40.92061],[72.58404,40.918],[72.58916,40.91241],[72.59125,40.90684],[72.59293,40.90505],[72.59187,40.90387],[72.59083,40.90093],[72.58741,40.89648],[72.58671,40.89424],[72.584,40.88937],[72.5814,40.88664],[72.58057,40.88585],[72.57795,40.88334],[72.57706,40.88213],[72.57477,40.88031],[72.57337,40.87993],[72.57284,40.87894],[72.57282,40.87754],[72.57381,40.87673],[72.57651,40.87555],[72.57852,40.8751],[72.58165,40.87463],[72.585,40.8742],[72.58729,40.87387],[72.58994,40.87325],[72.59221,40.8719],[72.59431,40.87084],[72.59617,40.87029],[72.59843,40.87058],[72.60031,40.87128],[72.60287,40.87216],[72.60644,40.87356],[72.60853,40.87318],[72.61107,40.87141],[72.6126,40.86986],[72.61365,40.86887],[72.61658,40.86683],[72.61901,40.86645],[72.62045,40.86591],[72.62221,40.86562],[72.62386,40.86489],[72.62546,40.86427],[72.62839,40.86293],[72.62977,40.86233],[72.63165,40.86184],[72.64246,40.85986],[72.6597,40.85482],[72.67509,40.8519],[72.67636,40.85166],[72.69169,40.85096],[72.69772,40.85462],[72.7126,40.84869],[72.71958,40.84983],[72.75221,40.85157],[72.77221,40.85312],[72.7865,40.85292],[72.79617,40.85316],[72.80219,40.85322],[72.82142,40.85395],[72.8293,40.85682],[72.83401,40.85598],[72.84136,40.85337],[72.86752,40.84372],[72.88069,40.83741],[72.89227,40.82986],[72.89978,40.82195],[72.90031,40.81554],[72.91132,40.80935],[72.91609,40.8066],[72.92735,40.80399],[72.93905,40.80042],[72.94776,40.80337],[72.94795,40.8034],[72.95526,40.80468],[72.95813,40.805],[72.95721,40.80707],[72.95708,40.80743],[72.95706,40.80777],[72.95793,40.80892],[72.95775,40.81163],[72.95846,40.81262],[72.95806,40.81461],[72.95877,40.81585],[72.96052,40.81642],[72.96097,40.81751],[72.96116,40.81757],[72.96216,40.81707],[72.96249,40.8172],[72.96226,40.8185],[72.96355,40.81933],[72.9647,40.82091],[72.96603,40.8214],[72.96922,40.82201],[72.96963,40.82014],[72.97171,40.82059],[72.97244,40.82131],[72.97262,40.82056],[72.97327,40.82058],[72.97357,40.81976],[72.97619,40.81974],[72.97594,40.82256],[72.97701,40.82275],[72.97708,40.82287],[72.97741,40.82292],[72.97796,40.82288],[72.97843,40.82419],[72.97932,40.82408],[72.97947,40.8247],[72.98047,40.82665],[72.97991,40.82949],[72.9806,40.82935],[72.98118,40.82948],[72.98225,40.82999],[72.98311,40.83026],[72.98376,40.83072],[72.98419,40.83073],[72.98503,40.83046],[72.98656,40.83041],[72.98971,40.83049],[72.99053,40.83028],[72.993,40.83042],[72.99469,40.83143],[72.99543,40.8321],[72.99629,40.83331],[72.99696,40.83396],[72.99716,40.83393],[72.99727,40.83401],[72.99777,40.83392],[72.99915,40.8381],[72.99937,40.83929],[72.99974,40.84044],[72.99994,40.8429],[73.00287,40.84129],[73.00573,40.83965],[73.00588,40.83961],[73.00598,40.83967],[73.00616,40.84042],[73.00644,40.841],[73.00663,40.84112],[73.00685,40.84125],[73.00711,40.84135],[73.0074,40.84145],[73.00758,40.84146],[73.00776,40.84138],[73.00787,40.84132],[73.00803,40.84132],[73.0082,40.84138],[73.00831,40.84145],[73.00952,40.84228],[73.01071,40.84313],[73.01133,40.84355],[73.01162,40.84378],[73.01189,40.84406],[73.01216,40.84437],[73.01242,40.84459],[73.01294,40.8443],[73.01302,40.84439],[73.01385,40.84528],[73.01405,40.84536],[73.01463,40.84548],[73.01632,40.8459],[73.01727,40.8462],[73.01799,40.84633],[73.01842,40.84638],[73.01945,40.84632],[73.02063,40.84629],[73.02162,40.84654],[73.02174,40.84652],[73.02285,40.8461],[73.02332,40.84587],[73.0238,40.84561],[73.02438,40.84503],[73.02467,40.84477],[73.02521,40.84455],[73.02565,40.84389],[73.02575,40.8429],[73.0255,40.84215],[73.0256,40.84177],[73.02616,40.8411],[73.02724,40.84063],[73.02832,40.84033],[73.02901,40.83959],[73.02927,40.83896],[73.03096,40.83903],[73.03371,40.84117],[73.03503,40.84235],[73.03647,40.84382],[73.03729,40.84423],[73.03825,40.84411],[73.03908,40.84435],[73.03949,40.84474],[73.03981,40.84484],[73.04356,40.84692],[73.04678,40.84408],[73.05481,40.84325],[73.0575,40.84421],[73.05764,40.84407],[73.05742,40.84371],[73.05737,40.84336],[73.05758,40.84309],[73.058,40.84283],[73.06237,40.84123],[73.06307,40.84154],[73.06401,40.84122],[73.0667,40.84199],[73.06789,40.84236],[73.06838,40.8425],[73.07796,40.8429],[73.08373,40.84265],[73.11449,40.8443],[73.12129,40.8384],[73.13215,40.84149],[73.13588,40.844],[73.14474,40.84872],[73.15398,40.85225],[73.15453,40.85426],[73.1573,40.86039],[73.15753,40.86114],[73.15799,40.86183],[73.15874,40.8633],[73.16222,40.86867],[73.16339,40.86908],[73.16472,40.86941],[73.16579,40.86891],[73.16632,40.86841],[73.16689,40.8678],[73.169,40.86785],[73.17108,40.86796],[73.17195,40.8679],[73.17341,40.86733],[73.17495,40.86744],[73.17614,40.86763],[73.17735,40.86818],[73.17863,40.86892],[73.17964,40.86953],[73.18058,40.86873],[73.18165,40.86801],[73.18349,40.86775],[73.18417,40.86823],[73.18747,40.86913],[73.18831,40.86937],[73.1898,40.86941],[73.19095,40.86912],[73.19241,40.86962],[73.19358,40.86974],[73.19463,40.87024],[73.19699,40.8714],[73.19893,40.87102],[73.20143,40.86986],[73.20248,40.8696],[73.20363,40.86901],[73.20624,40.86763],[73.20715,40.86704],[73.2085,40.8669],[73.21006,40.86635],[73.21104,40.86667],[73.21212,40.86787],[73.21331,40.8682],[73.21537,40.86816],[73.21606,40.86821],[73.21681,40.86884],[73.2177,40.86953],[73.21848,40.87038],[73.21985,40.871],[73.22157,40.87294],[73.22233,40.87391],[73.22265,40.87664],[73.22343,40.87754],[73.22416,40.87846],[73.22526,40.88026],[73.22569,40.88149],[73.22603,40.8841],[73.22674,40.88578],[73.22757,40.88609],[73.22947,40.88685],[73.23096,40.88869],[73.23082,40.89241],[73.23089,40.8939],[73.23228,40.89467],[73.2332,40.89571],[73.23441,40.89708],[73.23546,40.89891],[73.2356,40.89952],[73.23574,40.90054],[73.23585,40.90305],[73.23652,40.90578],[73.24025,40.9169],[73.24121,40.91806],[73.24128,40.91926],[73.23757,40.92211],[73.23649,40.92501],[73.24364,40.93186],[73.23242,40.93506],[73.23068,40.93662],[73.23013,40.93873],[73.22871,40.93994],[73.22649,40.94352],[73.22326,40.94421],[73.22304,40.94545],[73.22574,40.94791],[73.22661,40.95033],[73.22841,40.95524],[73.2288,40.95709],[73.22926,40.95812],[73.22919,40.95952],[73.22736,40.96327],[73.22661,40.96604],[73.22571,40.96813],[73.2251,40.97205],[73.22668,40.97525],[73.22571,40.97798],[73.22537,40.98083],[73.22642,40.98398],[73.23059,40.99405],[73.23011,40.99569],[73.2272,41.00108],[73.22679,41.00455],[73.22729,41.00483],[73.22917,41.0055],[73.2308,41.00624],[73.23292,41.00921],[73.23473,41.01039],[73.2356,41.01144],[73.23597,41.01251],[73.23643,41.01305],[73.2373,41.01334],[73.23768,41.01384],[73.23968,41.0146],[73.24128,41.01538],[73.24208,41.01564],[73.24265,41.01581],[73.24489,41.01619],[73.24597,41.01631],[73.24727,41.01631],[73.24776,41.01662],[73.2489,41.01756],[73.25057,41.01828],[73.25258,41.01832],[73.25389,41.0175],[73.25468,41.01722],[73.32035,41.04207],[73.32195,41.04083],[73.32229,41.03965],[73.32383,41.03711],[73.32392,41.03635],[73.32392,41.03568],[73.32392,41.03414],[73.32564,41.03159],[73.32623,41.02979],[73.32637,41.02827],[73.32664,41.0252],[73.34015,41.01888],[73.36912,41.01904],[73.36926,41.01954],[73.36938,41.0199],[73.37004,41.02011],[73.37015,41.02059],[73.37018,41.02102],[73.37045,41.02156],[73.37082,41.02232],[73.37052,41.02264],[73.37018,41.02366],[73.37068,41.0258],[73.37075,41.02769],[73.37118,41.02814],[73.37041,41.0291],[73.37041,41.03197],[73.36995,41.03292],[73.3702,41.03435],[73.37157,41.03478],[73.37244,41.0353],[73.3726,41.03601],[73.37285,41.03708],[73.37427,41.03946],[73.37606,41.0406],[73.37594,41.04124],[73.3759,41.04245],[73.37585,41.04385],[73.37585,41.04474],[73.37585,41.04568],[73.37546,41.0465],[73.3751,41.04799],[73.3743,41.05094],[73.39853,41.05814],[73.40967,41.0528],[73.41072,41.07302],[73.4066,41.0787],[73.42131,41.08424],[73.42571,41.10357],[73.43013,41.10131],[73.44397,41.089],[73.44468,41.08877],[73.44541,41.0885],[73.44887,41.08822],[73.4502,41.08831],[73.4529,41.08872],[73.4548,41.08922],[73.45537,41.08912],[73.45656,41.08884],[73.45807,41.08895],[73.45942,41.08908],[73.46242,41.08964],[73.46338,41.08922],[73.46464,41.08864],[73.4662,41.08833],[73.4673,41.0887],[73.46817,41.08922],[73.46906,41.09036],[73.46995,41.09057],[73.47167,41.0904],[73.47295,41.0904],[73.47666,41.09053],[73.47943,41.09088],[73.48167,41.09153],[73.48465,41.09143],[73.48632,41.09129],[73.48794,41.09112],[73.49005,41.09057],[73.4911,41.09055],[73.49195,41.09126],[73.49382,41.09207],[73.49481,41.09222],[73.49728,41.09253],[73.49872,41.09159],[73.50043,41.09141],[73.50226,41.09048],[73.50297,41.08914],[73.5034,41.08805],[73.50347,41.08748],[73.50482,41.08726],[73.50594,41.08783],[73.50745,41.08833],[73.50974,41.08815],[73.51091,41.08779],[73.51173,41.08684],[73.51306,41.08636],[73.51386,41.08529],[73.51537,41.08476],[73.51599,41.0855],[73.51796,41.08615],[73.51858,41.08669],[73.51926,41.08708],[73.52121,41.08679],[73.52155,41.08633],[73.52219,41.08581],[73.52393,41.08355],[73.52487,41.0831],[73.52586,41.08308],[73.52835,41.08367],[73.52954,41.08324],[73.53213,41.08286],[73.53339,41.08267],[73.5349,41.082],[73.53632,41.08213],[73.53684,41.08262],[73.53824,41.08267],[73.53947,41.08258],[73.54014,41.0832],[73.54098,41.084],[73.54156,41.08389],[73.5422,41.08305],[73.54309,41.08274],[73.54446,41.08213],[73.54554,41.08162],[73.54758,41.08091],[73.55021,41.08098],[73.55101,41.0812],[73.55215,41.08162],[73.55364,41.08232],[73.55499,41.08319],[73.55643,41.08396],[73.55694,41.08451],[73.55772,41.0847],[73.55822,41.08443],[73.55955,41.08369],[73.56097,41.08286],[73.56193,41.0826],[73.56371,41.08177],[73.56534,41.08041],[73.56689,41.08001],[73.56774,41.07974],[73.5687,41.07886],[73.56985,41.07692],[73.57092,41.07618],[73.57186,41.07682],[73.57252,41.07634],[73.57463,41.0749],[73.57484,41.07268],[73.57591,41.07228],[73.57715,41.07209],[73.57738,41.07144],[73.57825,41.07135],[73.57893,41.07213],[73.57976,41.07209],[73.5814,41.07194],[73.58198,41.07209],[73.58411,41.0728],[73.58683,41.07401],[73.58786,41.07553],[73.59363,41.0806],[73.59498,41.0817],[73.59578,41.08296],[73.59633,41.08389],[73.59743,41.08431],[73.6004,41.08495],[73.60159,41.08553],[73.60345,41.08664],[73.60599,41.08738],[73.60697,41.08812],[73.60784,41.08919],[73.60878,41.09014],[73.61233,41.0925],[73.61505,41.09393],[73.61574,41.09412],[73.6159,41.0945],[73.61567,41.09533],[73.6137,41.09761],[73.61283,41.09856],[73.61196,41.09921],[73.60958,41.10014],[73.60908,41.10071],[73.60697,41.10082],[73.60489,41.10171],[73.60255,41.10247],[73.60184,41.10283],[73.60164,41.10332],[73.60093,41.10373],[73.60033,41.10311],[73.59972,41.10318],[73.59933,41.10359],[73.59882,41.10444],[73.59862,41.1052],[73.5985,41.10611],[73.59653,41.10595],[73.59514,41.10597],[73.59466,41.10614],[73.59434,41.10687],[73.59436,41.10766],[73.59461,41.10908],[73.5937,41.11049],[73.59325,41.1112],[73.59265,41.11216],[73.59153,41.11333],[73.59153,41.1138],[73.59215,41.11416],[73.59222,41.11551],[73.59128,41.11746],[73.59103,41.11808],[73.59077,41.11853],[73.59107,41.11887],[73.59107,41.11966],[73.59057,41.12077],[73.58995,41.12153],[73.58993,41.12247],[73.5899,41.12287],[73.58929,41.12313],[73.5899,41.12378],[73.58979,41.12454],[73.58935,41.12549],[73.5891,41.12671],[73.58839,41.12725],[73.58832,41.12811],[73.58752,41.12863],[73.58622,41.12923],[73.58604,41.12992],[73.58734,41.12992],[73.5894,41.12999],[73.59171,41.13071],[73.59261,41.13103],[73.59437,41.13103],[73.5959,41.13097],[73.59702,41.13158],[73.59824,41.13139],[73.59931,41.13182],[73.60011,41.13215],[73.60151,41.13199],[73.60217,41.13263],[73.60702,41.13335],[73.61078,41.13399],[73.61387,41.13466],[73.61568,41.13504],[73.61645,41.13546],[73.61829,41.13583],[73.61874,41.13647],[73.61938,41.13658],[73.62069,41.13649],[73.62238,41.13639],[73.62277,41.13692],[73.62289,41.13756],[73.62408,41.13792],[73.62545,41.13746],[73.6262,41.13752],[73.62653,41.13806],[73.62678,41.13859],[73.62861,41.13959],[73.62966,41.13983],[73.63039,41.13963],[73.63085,41.13976],[73.63218,41.14101],[73.63266,41.14116],[73.63367,41.14151],[73.6363,41.1412],[73.63913,41.14177],[73.64105,41.14222],[73.64233,41.14085],[73.64259,41.13985],[73.6464,41.13158],[73.64997,41.12933],[73.65088,41.12775],[73.65582,41.12521],[73.65746,41.11935],[73.66058,41.1168],[73.66165,41.11653],[73.66209,41.11394],[73.66479,41.11244],[73.67081,41.11144],[73.6712,41.10818],[73.67484,41.10559],[73.67706,41.10508],[73.68525,41.10433],[73.68658,41.10437],[73.68756,41.1037],[73.689,41.10294],[73.68889,41.1009],[73.68699,41.09887],[73.68466,41.09293],[73.68385,41.08985],[73.68214,41.08783],[73.68065,41.08703],[73.67646,41.08443],[73.67392,41.08298],[73.67014,41.08326],[73.66744,41.08324],[73.66424,41.07927],[73.66341,41.07808],[73.66305,41.07691],[73.66259,41.07618],[73.66106,41.07542],[73.65829,41.07496],[73.65563,41.07477],[73.65273,41.07466],[73.64973,41.07468],[73.64835,41.0739],[73.64712,41.07309],[73.64558,41.07235],[73.63986,41.07009],[73.63654,41.06866],[73.63494,41.06778],[73.63025,41.0641],[73.62867,41.06219],[73.62304,41.05936],[73.62057,41.05722],[73.61661,41.05504],[73.60789,41.05268],[73.60448,41.05018],[73.60292,41.04674],[73.6013,41.04241],[73.59882,41.04142],[73.59592,41.04066],[73.59422,41.03933],[73.5912,41.0355],[73.59073,41.03333],[73.58899,41.03205],[73.58542,41.02965],[73.58315,41.02623],[73.58228,41.02397],[73.57917,41.01858],[73.57587,41.01706],[73.57255,41.01297],[73.57063,41.01172],[73.56534,41.00796],[73.56244,41.00359],[73.56182,41.00196],[73.56177,41.00093],[73.5623,40.9991],[73.56225,40.99828],[73.56337,40.99866],[73.56418,40.99951],[73.56628,40.99948],[73.56949,40.99873],[73.57326,40.99799],[73.57688,40.99782],[73.58015,40.99436],[73.58166,40.99312],[73.58272,40.99298],[73.58427,40.99308],[73.58548,40.99381],[73.587,40.99381],[73.58922,40.9958],[73.59066,40.99676],[73.59276,40.99656],[73.59544,40.99547],[73.59656,40.99419],[73.59796,40.99327],[73.59979,40.99144],[73.60293,40.99049],[73.60464,40.98994],[73.60588,40.98939],[73.60673,40.9888],[73.6083,40.98809],[73.60986,40.98757],[73.61039,40.98509],[73.61039,40.98308],[73.61011,40.98161],[73.60908,40.97926],[73.60796,40.97731],[73.607,40.97563],[73.60627,40.97449],[73.60636,40.97195],[73.60565,40.96825],[73.60343,40.96264],[73.60357,40.96134],[73.60288,40.96003],[73.60233,40.9589],[73.60283,40.95759],[73.60439,40.95757],[73.6056,40.95788],[73.6064,40.95823],[73.6083,40.96017],[73.61018,40.96119],[73.61272,40.96222],[73.61508,40.96319],[73.61597,40.96361],[73.61865,40.96314],[73.62089,40.96234],[73.6222,40.96189],[73.62423,40.96226],[73.62595,40.96305],[73.6281,40.96331],[73.62909,40.96266],[73.63078,40.96222],[73.63387,40.96222],[73.63691,40.96183],[73.63968,40.96208],[73.64332,40.9621],[73.64536,40.96148],[73.64634,40.9607],[73.64724,40.95935],[73.64884,40.95899],[73.64985,40.95757],[73.65017,40.95636],[73.65115,40.95583],[73.65349,40.95564],[73.65468,40.95455],[73.65559,40.9541],[73.65612,40.95422],[73.65809,40.95467],[73.66028,40.95515],[73.66163,40.95514],[73.66326,40.95446],[73.66417,40.9536],[73.66678,40.95298],[73.66877,40.95253],[73.67003,40.95142],[73.67134,40.95037],[73.6739,40.94827],[73.67537,40.94727],[73.67809,40.94511],[73.6791,40.94447],[73.68248,40.94444],[73.68452,40.94404],[73.68635,40.94348],[73.68798,40.94302],[73.68999,40.94274],[73.69114,40.94266],[73.69203,40.9428],[73.69379,40.94582],[73.70162,40.94952],[73.70248,40.95123],[73.70003,40.95361],[73.70002,40.95554],[73.70092,40.95846],[73.69652,40.95841],[73.69532,40.96121],[73.69533,40.9645],[73.69607,40.9692],[73.69742,40.97284],[73.69645,40.97618],[73.69766,40.98347],[73.69778,40.9904],[73.69988,40.99544],[73.70244,40.99783],[73.70613,40.99754],[73.71026,41.00395],[73.70921,41.00558],[73.70939,41.01247],[73.70987,41.01383],[73.7132,41.01518],[73.71536,41.01746],[73.71603,41.02147],[73.71746,41.0225],[73.7213,41.023],[73.72433,41.02738],[73.72838,41.03411],[73.73265,41.03528],[73.73445,41.03489],[73.73616,41.03594],[73.73959,41.03608],[73.74173,41.03765],[73.74239,41.03932],[73.74318,41.04409],[73.74506,41.04565],[73.74945,41.04386],[73.75577,41.04549],[73.76048,41.04802],[73.76086,41.05055],[73.76252,41.05104],[73.76594,41.05253],[73.77026,41.05245],[73.77461,41.05719],[73.7773,41.06126],[73.78414,41.06402],[73.78732,41.06709],[73.79169,41.06928],[73.79244,41.07068],[73.79314,41.07317],[73.78857,41.08306],[73.78929,41.08583],[73.79412,41.09173],[73.80226,41.09865],[73.80688,41.09927],[73.8089,41.10113],[73.8096,41.10322],[73.81113,41.10438],[73.81083,41.10848],[73.80848,41.11208],[73.80412,41.1158],[73.80787,41.11879],[73.81182,41.12361],[73.81421,41.12412],[73.81519,41.12458],[73.81727,41.12569],[73.82321,41.12501],[73.82647,41.12302],[73.83042,41.12166],[73.83333,41.12142],[73.83544,41.12069],[73.83864,41.12042],[73.84069,41.121],[73.84391,41.12045],[73.85046,41.12188],[73.85606,41.12107],[73.86126,41.11803],[73.86281,41.11498],[73.86261,41.11336],[73.86046,41.10959],[73.85467,41.10579],[73.85193,41.10191],[73.84973,41.10033],[73.84918,41.09915],[73.84982,41.09759],[73.85169,41.09531],[73.85748,41.09054],[73.85838,41.0877],[73.8672,41.08543],[73.87128,41.08542],[73.87437,41.08589],[73.8787,41.08236],[73.88118,41.08132],[73.88413,41.08079],[73.88834,41.08076],[73.88979,41.07903],[73.89314,41.07523],[73.88947,41.07188],[73.88664,41.07136],[73.88563,41.06952],[73.88364,41.06838],[73.88226,41.06649],[73.88477,41.06355],[73.88415,41.06007],[73.88292,41.05723],[73.88238,41.0544],[73.88267,41.05303],[73.88432,41.05085],[73.88384,41.04817],[73.8825,41.04606],[73.8809,41.04349],[73.88134,41.04067],[73.8814,41.03825],[73.88226,41.03683],[73.88546,41.03536],[73.88801,41.0345],[73.88771,41.03183],[73.88655,41.02903],[73.8861,41.02699],[73.88716,41.02327],[73.88475,41.02228],[73.88353,41.02046],[73.88258,41.01807],[73.87924,41.01606],[73.87915,41.01235],[73.87851,41.0089],[73.88582,41.00769],[73.89745,41.00657],[73.89964,41.00343],[73.90089,41.00163],[73.90351,40.99985],[73.90559,40.99943],[73.90947,40.99985],[73.91127,40.99736],[73.91387,40.99587],[73.91855,40.99656],[73.92451,40.99929],[73.92844,40.99914],[73.93074,40.99963],[73.9331,41.00141],[73.93554,41.00256],[73.93764,41.00293],[73.9396,41.00189],[73.94147,40.99883],[73.9442,40.9972],[73.94483,40.99639],[73.94666,40.99526],[73.95022,40.99427],[73.95195,40.9962],[73.95679,40.99358],[73.96134,40.99242],[73.97143,40.992],[73.9753,40.99318],[73.97949,40.99287],[73.98354,40.99145],[73.98794,40.99357],[73.98972,40.99608],[73.99335,40.99475],[73.9961,40.99156],[73.99839,40.98837],[74.00255,40.98758],[74.00575,40.98785],[74.00886,40.98332],[74.00884,40.98184],[74.01135,40.97839],[74.01657,40.97478],[74.0176,40.97735],[74.01807,40.9791],[74.01991,40.9816],[74.02182,40.98322],[74.02521,40.98434],[74.0271,40.98639],[74.02768,40.98824],[74.02882,40.98918],[74.02873,40.99075],[74.02905,40.99349],[74.02963,40.99525],[74.03176,40.99707],[74.03468,40.99771],[74.03759,41.00356],[74.03916,41.00657],[74.04045,41.00992],[74.04124,41.01203],[74.04323,41.01331],[74.04549,41.01524],[74.04815,41.01745],[74.05072,41.02068],[74.05528,41.02466],[74.05781,41.02657],[74.05993,41.02824],[74.0628,41.03009],[74.06677,41.03117],[74.07186,41.03209],[74.07314,41.03271],[74.07598,41.03593],[74.07797,41.03815],[74.07862,41.03981],[74.07874,41.04069],[74.07673,41.04192],[74.07641,41.04482],[74.07902,41.0466],[74.08042,41.04789],[74.08231,41.0486],[74.08312,41.05263],[74.08336,41.05473],[74.08237,41.05611],[74.08259,41.05747],[74.08383,41.05954],[74.08357,41.0608],[74.08139,41.06317],[74.08073,41.06447],[74.07676,41.06846],[74.07495,41.06971],[74.0706,41.0722],[74.06766,41.07526],[74.06624,41.0761],[74.06313,41.07818],[74.05955,41.08072],[74.0595,41.08224],[74.05931,41.0841],[74.05912,41.08642],[74.0586,41.08823],[74.05721,41.0908],[74.0547,41.0923],[74.05208,41.09363],[74.0503,41.09564],[74.04946,41.09688],[74.04858,41.09759],[74.04676,41.09892],[74.04571,41.09997],[74.04489,41.10167],[74.04457,41.10338],[74.04084,41.10464],[74.03897,41.1059],[74.03803,41.10716],[74.03734,41.10792],[74.03689,41.10969],[74.03635,41.11171],[74.0356,41.11496],[74.03418,41.11665],[74.03238,41.12037],[74.0318,41.12482],[74.03268,41.12642],[74.03485,41.1313],[74.03624,41.13275],[74.03663,41.13426],[74.03783,41.13531],[74.03998,41.13634],[74.04076,41.13827],[74.04275,41.14131],[74.0494,41.14445],[74.0534,41.14563],[74.05713,41.14535],[74.06427,41.14674],[74.06488,41.14739],[74.06994,41.14737],[74.07091,41.14784],[74.07346,41.14868],[74.07621,41.1503],[74.07715,41.15185],[74.07921,41.15574],[74.07972,41.15727],[74.0811,41.15991],[74.08251,41.16122],[74.08419,41.16303],[74.08515,41.16496],[74.08758,41.16603],[74.09103,41.16786],[74.09386,41.16921],[74.09798,41.17026],[74.09972,41.17063],[74.10288,41.17046],[74.10369,41.16954],[74.10509,41.16908],[74.10567,41.16926],[74.10783,41.17005],[74.10919,41.17055],[74.11028,41.17084],[74.11101,41.1711],[74.11122,41.17155],[74.11122,41.17218],[74.11142,41.17269],[74.11352,41.17369],[74.11468,41.17357],[74.11543,41.17388],[74.11597,41.1743],[74.11682,41.17491],[74.11738,41.1753],[74.11871,41.17572],[74.12052,41.17616],[74.12165,41.17661],[74.12283,41.17664],[74.12356,41.17676],[74.12425,41.17706],[74.12521,41.17755],[74.12648,41.17852],[74.12813,41.17986],[74.1297,41.18036],[74.13073,41.18045],[74.13142,41.18062],[74.13268,41.18105],[74.13298,41.18131],[74.1336,41.18234],[74.13399,41.18289],[74.13444,41.18339],[74.13571,41.1837],[74.13818,41.18414],[74.13905,41.18464],[74.13981,41.18517],[74.14101,41.18635],[74.14219,41.18793],[74.14358,41.18893],[74.14365,41.18971],[74.14423,41.19058],[74.14435,41.19161],[74.14412,41.19266],[74.1441,41.19374],[74.14466,41.19486],[74.14558,41.19529],[74.14573,41.19591],[74.14607,41.19609],[74.14663,41.19578],[74.14717,41.19552],[74.14837,41.19557],[74.14886,41.19563],[74.14908,41.19625],[74.14983,41.19591],[74.15028,41.19605],[74.15096,41.19575],[74.15105,41.19555],[74.15137,41.196],[74.15176,41.19563],[74.15214,41.19552],[74.15259,41.19589],[74.15309,41.19583],[74.15416,41.19583],[74.15478,41.19567],[74.15545,41.19558],[74.1559,41.19596],[74.15616,41.19581],[74.15895,41.19558],[74.16088,41.1968],[74.16178,41.19746],[74.16186,41.19778],[74.16296,41.19796],[74.16343,41.19733],[74.16465,41.19741],[74.16483,41.19697],[74.16504,41.19665],[74.16624,41.19696],[74.16699,41.19712],[74.16814,41.19668],[74.16865,41.19725],[74.16906,41.19759],[74.17005,41.19715],[74.17054,41.1968],[74.17153,41.19668],[74.17221,41.19631],[74.17296,41.19641],[74.17425,41.19612],[74.17552,41.19612],[74.17668,41.19581],[74.17762,41.19517],[74.17861,41.19559],[74.17953,41.19528],[74.18037,41.19541],[74.18133,41.19504],[74.18247,41.19512],[74.18219,41.19468],[74.18228,41.1942],[74.18356,41.19397],[74.18386,41.19366],[74.18562,41.19342],[74.1862,41.19295],[74.18698,41.19349],[74.18768,41.19386],[74.18959,41.19418],[74.19133,41.19483],[74.19185,41.19526],[74.19251,41.19549],[74.19419,41.19628],[74.19552,41.19664],[74.19575,41.19638],[74.19697,41.19662],[74.19768,41.19685],[74.19807,41.19726],[74.19856,41.1976],[74.19916,41.1977],[74.19991,41.19757],[74.20112,41.19775],[74.20339,41.19823],[74.20341,41.19788],[74.20438,41.19862],[74.20513,41.19864],[74.20566,41.19846],[74.2059,41.19828],[74.20644,41.19823],[74.2068,41.19806],[74.20669,41.19739],[74.20742,41.19717],[74.20824,41.19767],[74.20888,41.19785],[74.20946,41.19793],[74.20938,41.19743],[74.20998,41.19718],[74.21137,41.19665],[74.21245,41.19722],[74.21257,41.19759],[74.21354,41.19783],[74.21476,41.19815],[74.21624,41.19822],[74.21646,41.19857],[74.21669,41.1987],[74.21725,41.1987],[74.21779,41.19899],[74.21828,41.19951],[74.21905,41.19964],[74.21961,41.19951],[74.22227,41.19912],[74.22167,41.19849],[74.22227,41.19838],[74.22335,41.19851],[74.22358,41.19883],[74.22403,41.19946],[74.2247,41.19917],[74.22491,41.19962],[74.22487,41.20019],[74.2253,41.2002],[74.22549,41.19994],[74.22558,41.19961],[74.22564,41.19925],[74.22656,41.19935],[74.22729,41.19969],[74.22832,41.20014],[74.22858,41.20036],[74.22871,41.19982],[74.22976,41.20001],[74.23008,41.20028],[74.23047,41.20048],[74.23075,41.20101],[74.23105,41.2008],[74.23156,41.20087],[74.23212,41.20064],[74.23251,41.20036],[74.23279,41.20006],[74.23356,41.19988],[74.23395,41.20054],[74.23455,41.2007],[74.23525,41.20054],[74.23613,41.20064],[74.23667,41.20009],[74.23807,41.1998],[74.23873,41.20007],[74.23957,41.20036],[74.24017,41.20046],[74.24015,41.20132],[74.24045,41.20164],[74.24195,41.20095],[74.24251,41.20179],[74.24238,41.20256],[74.24319,41.20214],[74.24377,41.20201],[74.24459,41.20225],[74.24581,41.20296],[74.24616,41.20346],[74.24755,41.20346],[74.24809,41.20367],[74.24901,41.20343],[74.24867,41.20301],[74.24858,41.20261],[74.24935,41.20242],[74.25034,41.20242],[74.25034,41.203],[74.25034,41.20332],[74.25111,41.20319],[74.25195,41.20311],[74.25184,41.20348],[74.25154,41.20379],[74.25143,41.20429],[74.25225,41.20408],[74.25259,41.20379],[74.25291,41.20406],[74.25352,41.20395],[74.25429,41.20403],[74.25476,41.20416],[74.25579,41.20463],[74.25622,41.20493],[74.25592,41.20524],[74.25545,41.20624],[74.25624,41.20631],[74.25671,41.20632],[74.25693,41.20569],[74.25731,41.20566],[74.25791,41.20581],[74.25832,41.20631],[74.25841,41.20689],[74.25903,41.20692],[74.25929,41.20627],[74.25967,41.20613],[74.26083,41.2071],[74.26156,41.20731],[74.26186,41.20718],[74.26216,41.20698],[74.26287,41.20695],[74.26375,41.20705],[74.2645,41.20723],[74.26472,41.20768],[74.26517,41.20782],[74.26611,41.20768],[74.26588,41.20723],[74.26663,41.20719],[74.26697,41.2074],[74.26766,41.20742],[74.26832,41.20708],[74.26914,41.20705],[74.26969,41.20681],[74.27124,41.20681],[74.27212,41.20684],[74.27259,41.20724],[74.27268,41.20777],[74.27298,41.20819],[74.27369,41.20774],[74.2742,41.20769],[74.27478,41.20824],[74.27611,41.20865],[74.2769,41.20868],[74.27735,41.20853],[74.27738,41.20798],[74.27761,41.20758],[74.27826,41.20787],[74.27836,41.20816],[74.27888,41.20865],[74.27929,41.20816],[74.27974,41.20813],[74.28021,41.20819],[74.28036,41.20845],[74.28107,41.20832],[74.28143,41.20842],[74.28208,41.209],[74.28272,41.20884],[74.28356,41.20894],[74.2842,41.20874],[74.28499,41.20881],[74.28564,41.20866],[74.28635,41.20807],[74.28686,41.20797],[74.28744,41.2079],[74.2875,41.20834],[74.28808,41.20849],[74.28856,41.20794],[74.28873,41.20753],[74.28935,41.2075],[74.28999,41.20834],[74.29074,41.2084],[74.29167,41.20818],[74.29246,41.20797],[74.29321,41.20795],[74.29334,41.20847],[74.29381,41.20863],[74.29444,41.20871],[74.29532,41.20844],[74.29622,41.20847],[74.29641,41.20795],[74.2972,41.2076],[74.29825,41.20761],[74.29866,41.20771],[74.2992,41.2074],[74.29894,41.20681],[74.29875,41.20632],[74.29868,41.20574],[74.29933,41.20582],[74.29999,41.20623],[74.30034,41.20579],[74.30016,41.20529],[74.30051,41.20498],[74.30154,41.20458],[74.30143,41.20411],[74.30128,41.20361],[74.30104,41.20346],[74.30134,41.20324],[74.30195,41.20348],[74.30298,41.20364],[74.30478,41.20306],[74.3045,41.20211],[74.30476,41.2019],[74.30506,41.20211],[74.30615,41.20343],[74.30712,41.20285],[74.30804,41.20296],[74.30922,41.20317],[74.30954,41.20282],[74.30988,41.20251],[74.31042,41.20253],[74.31057,41.2028],[74.31115,41.20222],[74.31209,41.20222],[74.31225,41.20246],[74.31297,41.20183],[74.3139,41.20156],[74.31328,41.20099],[74.31338,41.20049],[74.31409,41.20054],[74.31465,41.20009],[74.3154,41.19985],[74.31606,41.20072],[74.31677,41.20059],[74.3166,41.1999],[74.31757,41.19904],[74.31862,41.19894],[74.31928,41.19893],[74.31937,41.19849],[74.31991,41.19801],[74.32061,41.19849],[74.32171,41.19819],[74.32205,41.19759],[74.32342,41.19694],[74.32441,41.19668],[74.32514,41.19678],[74.32576,41.19693],[74.32574,41.19735],[74.3266,41.19741],[74.32746,41.19701],[74.32772,41.19599],[74.32767,41.19576],[74.32892,41.1953],[74.32939,41.19578],[74.33072,41.19626],[74.33171,41.19592],[74.33141,41.19547],[74.33141,41.19491],[74.33237,41.19391],[74.33377,41.19344],[74.33514,41.19357],[74.33566,41.19378],[74.33636,41.19381],[74.33643,41.1945],[74.33686,41.195],[74.3381,41.19447],[74.33907,41.19509],[74.3393,41.19538],[74.34012,41.19555],[74.34106,41.19555],[74.34231,41.19618],[74.34323,41.19709],[74.34347,41.19793],[74.34402,41.1988],[74.34377,41.19973],[74.344,41.20001],[74.34447,41.19985],[74.34533,41.19961],[74.34651,41.19967],[74.34737,41.19998],[74.34905,41.20048],[74.34911,41.20135],[74.34926,41.20188],[74.34982,41.20211],[74.35055,41.20293],[74.35095,41.20353],[74.35224,41.20443],[74.35325,41.20503],[74.35458,41.20543],[74.35589,41.20669],[74.35662,41.20853],[74.35668,41.20953],[74.35746,41.20936],[74.35806,41.20955],[74.35838,41.21062],[74.35767,41.21123],[74.35821,41.21154],[74.35874,41.21139],[74.35967,41.21136],[74.36061,41.2128],[74.36083,41.21326],[74.35943,41.21355],[74.35943,41.21413],[74.36052,41.21441],[74.36091,41.21488],[74.35937,41.21491],[74.35859,41.21518],[74.35879,41.21572],[74.35992,41.21585],[74.36102,41.21589],[74.36125,41.2161],[74.36151,41.21694],[74.36216,41.21782],[74.36278,41.21801],[74.36325,41.21759],[74.36394,41.21765],[74.36488,41.21864],[74.36533,41.21864],[74.36533,41.21804],[74.36537,41.21717],[74.36587,41.2167],[74.36673,41.21667],[74.36705,41.2171],[74.36773,41.2182],[74.36834,41.21849],[74.36879,41.2179],[74.36926,41.21752],[74.3701,41.21733],[74.37072,41.2179],[74.37119,41.21835],[74.37205,41.21832],[74.3725,41.21819],[74.37308,41.21806],[74.37361,41.21829],[74.37444,41.21887],[74.37329,41.21949],[74.3726,41.22025],[74.37168,41.22165],[74.37123,41.2221],[74.37039,41.2227],[74.36801,41.22478],[74.36792,41.22575],[74.36728,41.22648],[74.36597,41.22751],[74.36543,41.2283],[74.36384,41.22935],[74.3629,41.23111],[74.36146,41.23188],[74.35927,41.23256],[74.35827,41.23301],[74.35543,41.23259],[74.3532,41.23266],[74.35168,41.233],[74.3508,41.23319],[74.34981,41.23332],[74.34762,41.23466],[74.3458,41.23503],[74.3452,41.2353],[74.34166,41.23732],[74.34056,41.23964],[74.34073,41.24027],[74.34106,41.24098],[74.34089,41.24139],[74.34149,41.24197],[74.34176,41.24274],[74.34217,41.24324],[74.34226,41.24376],[74.34247,41.245],[74.34303,41.24592],[74.34316,41.24631],[74.34252,41.2464],[74.34252,41.2472],[74.3423,41.24749],[74.34142,41.24824],[74.34095,41.24976],[74.34071,41.25021],[74.34031,41.25112],[74.33975,41.25158],[74.33908,41.25207],[74.33863,41.25273],[74.33818,41.25287],[74.33644,41.25313],[74.33589,41.25365],[74.33432,41.25358],[74.33295,41.25373],[74.33237,41.25384],[74.33052,41.25445],[74.32958,41.25541],[74.32857,41.25621],[74.32795,41.25679],[74.32617,41.25846],[74.32486,41.25976],[74.32391,41.26025],[74.32393,41.26078],[74.32368,41.26192],[74.32316,41.26354],[74.32267,41.26436],[74.32284,41.26573],[74.32284,41.26634],[74.32246,41.26693],[74.32215,41.26725],[74.32155,41.26849],[74.32108,41.2692],[74.32014,41.27036],[74.31964,41.27136],[74.31964,41.27194],[74.31943,41.27325],[74.31928,41.27412],[74.31917,41.27564],[74.31945,41.27686],[74.31938,41.27949],[74.31947,41.28071],[74.31861,41.28205],[74.31929,41.28451],[74.31929,41.28658],[74.31783,41.28852],[74.3189,41.29135],[74.3189,41.29208],[74.31875,41.29311],[74.319,41.29359],[74.31857,41.29706],[74.31886,41.30016],[74.3194,41.30132],[74.32135,41.30166],[74.32225,41.30183],[74.3233,41.30256],[74.3257,41.30302],[74.32635,41.30297],[74.32721,41.30297],[74.32793,41.30275],[74.32851,41.30262],[74.32886,41.30224],[74.32949,41.30254],[74.3301,41.30305],[74.33169,41.30335],[74.33297,41.30354],[74.33468,41.30378],[74.33663,41.30447],[74.33797,41.30517],[74.33818,41.3055],[74.33887,41.30687],[74.33914,41.30781],[74.33916,41.30826],[74.34024,41.30973],[74.34107,41.31021],[74.3417,41.31047],[74.34241,41.31024],[74.34275,41.31007],[74.34405,41.31042],[74.34468,41.31034],[74.34663,41.31032],[74.34874,41.31032],[74.35067,41.31024],[74.3515,41.31033],[74.35262,41.31083],[74.35451,41.31177],[74.35718,41.31219],[74.3592,41.31273],[74.35965,41.31331],[74.36122,41.31369],[74.36338,41.31324],[74.36529,41.31282],[74.36823,41.31244],[74.37139,41.31295],[74.37308,41.31258],[74.37394,41.31297],[74.37516,41.31305],[74.37851,41.31344],[74.3798,41.31355],[74.3819,41.31447],[74.38227,41.31474],[74.38424,41.31445],[74.38628,41.31452],[74.38793,41.31529],[74.38849,41.31513],[74.38986,41.31579],[74.39102,41.3158],[74.39194,41.31687],[74.393,41.31658],[74.39495,41.31716],[74.39583,41.31761],[74.39692,41.31814],[74.39808,41.31835],[74.39976,41.31958],[74.40134,41.32006],[74.40229,41.3209],[74.40372,41.32069],[74.40521,41.32107],[74.40866,41.32178],[74.40905,41.32349],[74.40967,41.32497],[74.41074,41.32594],[74.41158,41.32636],[74.41417,41.32681],[74.41666,41.32812],[74.41694,41.32878],[74.41754,41.32961],[74.4181,41.32995],[74.41838,41.33118],[74.4187,41.33173],[74.42171,41.33248],[74.42284,41.33306],[74.42467,41.33392],[74.4254,41.33482],[74.42645,41.33601],[74.42533,41.33712],[74.42533,41.33814],[74.42544,41.3389],[74.42602,41.34027],[74.42786,41.34286],[74.42973,41.34333],[74.43053,41.34386],[74.43514,41.34526],[74.43814,41.34503],[74.44003,41.34557],[74.44293,41.34568],[74.44409,41.34484],[74.44718,41.34515],[74.44962,41.34573],[74.45254,41.34602],[74.45456,41.34581],[74.45563,41.34661],[74.4566,41.34743],[74.45786,41.3479],[74.45986,41.34913],[74.46076,41.3495],[74.46363,41.34887],[74.46548,41.34869],[74.46799,41.34938],[74.46949,41.34959],[74.47153,41.34946],[74.474,41.34892],[74.47565,41.34824],[74.47711,41.34772],[74.47887,41.34818],[74.48061,41.34835],[74.48342,41.3485],[74.48434,41.34892],[74.48593,41.34901],[74.48707,41.34897],[74.48941,41.3494],[74.49033,41.34951],[74.49391,41.34955],[74.49715,41.34942],[74.49919,41.35233],[74.50168,41.35435],[74.5035,41.35549],[74.5065,41.35485],[74.50821,41.35404],[74.51162,41.35499],[74.51334,41.35519],[74.51607,41.35519],[74.51789,41.35527],[74.5187,41.35459],[74.51982,41.35406],[74.52248,41.35408],[74.52381,41.35456],[74.52536,41.35461],[74.52692,41.35461],[74.53212,41.35425],[74.5343,41.35392],[74.53587,41.35417],[74.53617,41.35446],[74.53731,41.35411],[74.53806,41.35413],[74.5386,41.35413],[74.53978,41.35482],[74.54008,41.3553],[74.54235,41.35517],[74.54375,41.3559],[74.54478,41.35688],[74.54608,41.35722],[74.54688,41.3575],[74.54643,41.35988],[74.54673,41.36079],[74.54617,41.36161],[74.54533,41.36424],[74.54639,41.36569],[74.54602,41.36662],[74.54581,41.36751],[74.54581,41.3679],[74.54947,41.36818],[74.55126,41.36843],[74.55314,41.36936],[74.55576,41.37152],[74.55789,41.37186],[74.559,41.37136],[74.56063,41.37149],[74.56119,41.37161],[74.56261,41.37161],[74.56428,41.37242],[74.56673,41.37199],[74.5687,41.37203],[74.57035,41.37252],[74.57087,41.37229],[74.57224,41.37199],[74.57349,41.37245],[74.57471,41.37297],[74.57658,41.37297],[74.57724,41.3736],[74.57793,41.374],[74.57911,41.3745],[74.5799,41.37492],[74.58177,41.37492],[74.58419,41.37551],[74.58533,41.3753],[74.58703,41.37624],[74.58956,41.37579],[74.59181,41.37579],[74.59355,41.37582],[74.5952,41.37535],[74.59853,41.37468],[74.60194,41.37502],[74.60378,41.37518],[74.60488,41.37537],[74.60589,41.3759],[74.60848,41.37843],[74.60923,41.37874],[74.61387,41.38128],[74.61494,41.38223],[74.61531,41.38286],[74.61535,41.38376],[74.61674,41.38439],[74.61728,41.38498],[74.61784,41.38669],[74.61823,41.38823],[74.61958,41.39063],[74.6208,41.39215],[74.62228,41.39376],[74.624,41.39471],[74.62623,41.39615],[74.62874,41.39751],[74.63074,41.39815],[74.63168,41.39916],[74.63245,41.40031],[74.63303,41.40177],[74.63404,41.4029],[74.63646,41.40551],[74.63775,41.40596],[74.63895,41.40758],[74.6402,41.40887],[74.64236,41.40795],[74.64485,41.40781],[74.64711,41.4072],[74.64936,41.40663],[74.65254,41.4071],[74.65511,41.4067],[74.65706,41.40679],[74.66015,41.40782],[74.66359,41.40815],[74.66487,41.40832],[74.66713,41.40897],[74.66932,41.41046],[74.6697,41.41091],[74.67058,41.41293],[74.67077,41.41376],[74.6708,41.4147],[74.67135,41.41585],[74.67191,41.4168],[74.67369,41.41902],[74.67536,41.42008],[74.67591,41.42038],[74.67684,41.42148],[74.67791,41.42281],[74.6785,41.42421],[74.67804,41.4258],[74.678,41.42609],[74.67935,41.43418],[74.67942,41.43513],[74.67933,41.43566],[74.67921,41.43726],[74.679,41.43807],[74.6789,41.44032],[74.67896,41.4413],[74.67941,41.44211],[74.67948,41.44328],[74.67998,41.44391],[74.68034,41.44512],[74.6803,41.44676],[74.68022,41.44799],[74.68149,41.44886],[74.68211,41.44931],[74.68263,41.45002],[74.68149,41.45095],[74.68235,41.45185],[74.68315,41.45256],[74.68315,41.45305],[74.68279,41.45481],[74.68378,41.45579],[74.68309,41.45773],[74.68338,41.45839],[74.68347,41.45932],[74.68282,41.45947],[74.68132,41.45984],[74.68086,41.46041],[74.67999,41.46123],[74.68024,41.46365],[74.68143,41.46489],[74.68252,41.46554],[74.6819,41.46621],[74.68147,41.4673],[74.68091,41.46859],[74.68127,41.47088],[74.68167,41.47149],[74.68374,41.4726],[74.6858,41.47337],[74.68679,41.47403],[74.68735,41.47503],[74.68777,41.47579],[74.68972,41.47666],[74.69103,41.47681],[74.69451,41.47706],[74.69577,41.47649],[74.69646,41.47688],[74.69706,41.47784],[74.69753,41.47808],[74.69856,41.47797],[74.6989,41.47939],[74.69907,41.48017],[74.70043,41.48122],[74.7006,41.48196],[74.69985,41.48257],[74.70077,41.48299],[74.70178,41.48318],[74.70212,41.48416],[74.70236,41.48495],[74.70339,41.48548],[74.70322,41.48615],[74.70358,41.48702],[74.70405,41.4881],[74.70446,41.48939],[74.70549,41.4903],[74.7059,41.49096],[74.70656,41.49221],[74.70817,41.49311],[74.70914,41.49374],[74.71092,41.49469],[74.71141,41.49598],[74.71221,41.49657],[74.71188,41.49745],[74.71334,41.50046],[74.71328,41.50088],[74.71328,41.50141],[74.71401,41.5025],[74.71605,41.50343],[74.71624,41.50427],[74.71753,41.5048],[74.71802,41.5061],[74.71892,41.50711],[74.71976,41.50843],[74.72015,41.50896],[74.72122,41.50952],[74.72309,41.50973],[74.72547,41.51047],[74.72736,41.51098],[74.72877,41.5109],[74.72969,41.51225],[74.73085,41.51388],[74.73141,41.51479],[74.7315,41.51585],[74.73173,41.51667],[74.73199,41.51748],[74.73251,41.5181],[74.73238,41.51881],[74.73233,41.51992],[74.73255,41.52114],[74.73257,41.52254],[74.73229,41.52376],[74.73236,41.52474],[74.73227,41.52593],[74.73122,41.52708],[74.73201,41.52822],[74.73259,41.52895],[74.73285,41.52989],[74.73313,41.53119],[74.73356,41.53152],[74.73392,41.53474],[74.73446,41.53593],[74.73549,41.53675],[74.73564,41.53727],[74.7357,41.53804],[74.73549,41.53939],[74.7366,41.54228],[74.73695,41.54318],[74.73628,41.54462],[74.73448,41.54586],[74.73399,41.54684],[74.73225,41.54713],[74.73021,41.54787],[74.72933,41.54859],[74.7301,41.54971],[74.73015,41.55066],[74.73019,41.55223],[74.72972,41.55326],[74.73093,41.55467],[74.73372,41.55555],[74.73444,41.55664],[74.7344,41.55749],[74.73402,41.55891],[74.73305,41.56172],[74.73243,41.5639],[74.72975,41.56997],[74.72578,41.57146],[74.72281,41.57276],[74.72129,41.57392],[74.71936,41.57554],[74.71891,41.57737],[74.71786,41.57867],[74.7152,41.58276],[74.71254,41.58575],[74.71084,41.58682],[74.70897,41.58857],[74.70919,41.58957],[74.70925,41.591],[74.70876,41.59416],[74.70955,41.59551],[74.71097,41.59682],[74.71294,41.5981],[74.71361,41.59854],[74.71567,41.59918],[74.72026,41.60067],[74.72213,41.60006],[74.72657,41.60059],[74.72844,41.6008],[74.72975,41.60189],[74.73095,41.6026],[74.73266,41.60462],[74.7323,41.60669],[74.73333,41.60817],[74.73481,41.61031],[74.73485,41.61221],[74.73504,41.61463],[74.73451,41.61578],[74.73416,41.61873],[74.73513,41.6204],[74.73556,41.6218],[74.73706,41.62813],[74.73588,41.62951],[74.7344,41.62889],[74.73305,41.62908],[74.73019,41.63126],[74.72863,41.63557],[74.72786,41.63761],[74.72734,41.63873],[74.72487,41.64218],[74.72185,41.64075],[74.7206,41.64011],[74.71902,41.63966],[74.71378,41.63934],[74.71266,41.6391],[74.71157,41.63867],[74.70829,41.63971],[74.70661,41.63979],[74.7049,41.63971],[74.70181,41.63936],[74.7014,41.63894],[74.70067,41.63861],[74.69904,41.63931],[74.69663,41.63997],[74.69408,41.64051],[74.69316,41.64101],[74.69232,41.64108],[74.69164,41.64104],[74.68855,41.64079],[74.68805,41.63939],[74.68674,41.63822],[74.68367,41.63812],[74.68239,41.63732],[74.68058,41.63731],[74.67949,41.63731],[74.67719,41.63676],[74.67507,41.6366],[74.67387,41.63614],[74.67267,41.63556],[74.67207,41.63516],[74.66885,41.63362],[74.66681,41.6336],[74.66546,41.63455],[74.66282,41.63291],[74.66117,41.63105],[74.65818,41.62929],[74.65732,41.62794],[74.65739,41.62525],[74.65726,41.62462],[74.65653,41.62319],[74.65501,41.62095],[74.65453,41.62075],[74.65473,41.61984],[74.65385,41.6193],[74.65282,41.61886],[74.65091,41.61896],[74.6499,41.6199],[74.64829,41.62106],[74.64715,41.62143],[74.64514,41.62072],[74.64213,41.61962],[74.64089,41.6192],[74.63722,41.61901],[74.63578,41.61849],[74.63473,41.61876],[74.63346,41.61957],[74.63175,41.6201],[74.63035,41.62008],[74.62923,41.62074],[74.6279,41.62085],[74.627,41.62058],[74.62456,41.62103],[74.6237,41.62082],[74.62183,41.62018],[74.61939,41.61925],[74.61803,41.61933],[74.61698,41.6182],[74.61724,41.6174],[74.6149,41.6161],[74.61417,41.61501],[74.61209,41.61398],[74.61192,41.61354],[74.61205,41.61206],[74.61076,41.61129],[74.60913,41.60993],[74.60565,41.60972],[74.60413,41.61005],[74.60123,41.60973],[74.59999,41.60948],[74.5981,41.60995],[74.5966,41.60981],[74.59366,41.61021],[74.59138,41.61228],[74.58771,41.61277],[74.58621,41.61242],[74.58325,41.61473],[74.58168,41.61593],[74.5793,41.61491],[74.57756,41.61467],[74.57557,41.61452],[74.57387,41.61324],[74.57224,41.61199],[74.57252,41.60881],[74.57134,41.60682],[74.57121,41.60605],[74.564,41.6073],[74.55984,41.60543],[74.55888,41.60437],[74.55778,41.60151],[74.55375,41.60137],[74.54935,41.60034],[74.54845,41.59971],[74.54656,41.59849],[74.54555,41.59684],[74.54407,41.5961],[74.54293,41.59451],[74.53976,41.59384],[74.53828,41.59193],[74.53714,41.59026],[74.53585,41.58904],[74.53534,41.58755],[74.53579,41.58633],[74.53521,41.58551],[74.53454,41.58493],[74.53461,41.58392],[74.53443,41.5824],[74.53109,41.58119],[74.53072,41.57909],[74.53156,41.57718],[74.53117,41.57615],[74.52742,41.57393],[74.52639,41.57259],[74.5248,41.5692],[74.52433,41.56849],[74.52057,41.5706],[74.5183,41.57119],[74.51649,41.57121],[74.51426,41.57249],[74.51446,41.57417],[74.51448,41.57663],[74.51306,41.57809],[74.51066,41.57846],[74.50877,41.58024],[74.50662,41.57984],[74.50394,41.57989],[74.50115,41.58019],[74.49836,41.58157],[74.49551,41.57875],[74.49336,41.577],[74.493,41.57636],[74.49004,41.57628],[74.48727,41.57541],[74.48478,41.57663],[74.4821,41.57804],[74.47916,41.57875],[74.47635,41.58088],[74.47562,41.58108],[74.4736,41.57991],[74.47169,41.57923],[74.46957,41.57877],[74.46686,41.57852],[74.46512,41.57992],[74.46298,41.58165],[74.4598,41.58116],[74.45648,41.58116],[74.45545,41.58185],[74.4536,41.58133],[74.45225,41.58056],[74.44995,41.57994],[74.44736,41.57995],[74.44476,41.57947],[74.44289,41.57849],[74.44174,41.57795],[74.43918,41.57774],[74.43708,41.57769],[74.43491,41.57769],[74.43382,41.57559],[74.43347,41.57358],[74.43309,41.56939],[74.43313,41.56843],[74.4321,41.5671],[74.43017,41.56535],[74.43026,41.56398],[74.42946,41.56181],[74.42916,41.56098],[74.42489,41.55843],[74.42403,41.55649],[74.4221,41.55607],[74.42026,41.55685],[74.41927,41.55462],[74.41268,41.55562],[74.41075,41.55504],[74.40723,41.55475],[74.40648,41.55775],[74.40309,41.55857],[74.40028,41.55833],[74.39893,41.55843],[74.39683,41.5583],[74.39451,41.55973],[74.39071,41.55994],[74.38897,41.56061],[74.38631,41.56305],[74.37133,41.55552],[74.37037,41.55456],[74.36625,41.55332],[74.36245,41.55351],[74.35887,41.55323],[74.35625,41.55488],[74.35586,41.55636],[74.35558,41.55979],[74.35445,41.5608],[74.34928,41.56244],[74.34271,41.56244],[74.33597,41.56225],[74.31256,41.56326],[74.30848,41.5661],[74.30507,41.56533],[74.3028,41.56467],[74.3005,41.56422],[74.29861,41.56374],[74.29033,41.5635],[74.28393,41.5633],[74.27952,41.5641],[74.27739,41.56573],[74.27447,41.56577],[74.27123,41.56609],[74.26977,41.56682],[74.26735,41.5676],[74.26653,41.56753],[74.26428,41.56707],[74.26201,41.56686],[74.26104,41.56697],[74.25965,41.56697],[74.25887,41.56631],[74.25731,41.56573],[74.25484,41.56585],[74.25177,41.56506],[74.25149,41.56414],[74.25235,41.56299],[74.25248,41.56124],[74.25029,41.56008],[74.24877,41.55889],[74.24722,41.55844],[74.24473,41.5579],[74.2431,41.55754],[74.24066,41.55782],[74.23714,41.56408],[74.23491,41.56466],[74.2316,41.56456],[74.22937,41.56471],[74.22802,41.56541],[74.22656,41.5662],[74.22379,41.56509],[74.2228,41.56408],[74.2221,41.56318],[74.21976,41.56286],[74.21845,41.56115],[74.21802,41.56033],[74.21671,41.55948],[74.21537,41.55893],[74.2135,41.55952],[74.21094,41.56022],[74.20608,41.56191],[74.20369,41.56076],[74.20253,41.55905],[74.20275,41.55683],[74.20399,41.55548],[74.20386,41.55301],[74.20264,41.5528],[74.20212,41.55192],[74.20099,41.55145],[74.19903,41.55078],[74.198,41.54964],[74.19612,41.54912],[74.1938,41.54882],[74.19232,41.54879],[74.19013,41.54938],[74.18972,41.54996],[74.18773,41.54969],[74.1871,41.54994],[74.18479,41.55118],[74.1841,41.55134],[74.18294,41.5516],[74.18125,41.5516],[74.17964,41.55137],[74.17873,41.55095],[74.17753,41.55095],[74.17577,41.55161],[74.17363,41.55243],[74.17341,41.55383],[74.17318,41.55428],[74.1714,41.55653],[74.16762,41.5611],[74.1662,41.56182],[74.16301,41.56253],[74.1609,41.56423],[74.15904,41.56552],[74.15715,41.56717],[74.15586,41.56821],[74.15412,41.56967],[74.15187,41.56955],[74.14929,41.56898],[74.14777,41.56881],[74.14616,41.56947],[74.14389,41.57229],[74.14262,41.57292],[74.1409,41.5734],[74.13927,41.57359],[74.13642,41.57359],[74.13449,41.57343],[74.13275,41.57393],[74.13116,41.57444],[74.1265,41.57652],[74.12461,41.57784],[74.12251,41.57851],[74.12019,41.5796],[74.11966,41.57965],[74.11541,41.5796],[74.1118,41.57549],[74.10968,41.57389],[74.10867,41.57337],[74.10511,41.57524],[74.10367,41.57625],[74.10122,41.57704],[74.09988,41.577],[74.09878,41.57741],[74.09586,41.57789],[74.09499,41.57816],[74.09343,41.57845],[74.09059,41.5771],[74.08657,41.57416],[74.08568,41.57406],[74.08397,41.57376],[74.08224,41.57293],[74.08121,41.57228],[74.07571,41.57229],[74.07482,41.57248],[74.07401,41.57244],[74.07365,41.57231],[74.07213,41.57216],[74.07123,41.57201],[74.07035,41.57183],[74.06746,41.5722],[74.06629,41.57259],[74.06539,41.57318],[74.06391,41.57375],[74.05974,41.57371],[74.05712,41.57395],[74.05658,41.57422],[74.05535,41.57452],[74.05429,41.57463],[74.05312,41.5746],[74.05129,41.57441],[74.05066,41.57433],[74.04703,41.5749],[74.0457,41.57584],[74.04409,41.57776],[74.04384,41.57807],[74.04357,41.57837],[74.04269,41.57878],[74.03991,41.58009],[74.0381,41.58049],[74.03612,41.58049],[74.0343,41.58035],[74.03193,41.58035],[74.02933,41.58036],[74.02845,41.58047],[74.02719,41.5808],[74.02645,41.58121],[74.02558,41.58155],[74.02461,41.58198],[74.02405,41.58297],[74.02284,41.58509],[74.02217,41.58618],[74.02127,41.58694],[74.02109,41.58768],[74.02064,41.58837],[74.01788,41.58951],[74.01721,41.59036],[74.01649,41.59113],[74.01586,41.59177],[74.01542,41.592],[74.01425,41.592],[74.0125,41.59204],[74.01234,41.5925],[74.00992,41.5941],[74.00891,41.59476],[74.00775,41.59541],[74.00662,41.59618],[74.00279,41.59738],[74.00025,41.5982],[73.99935,41.5991],[73.9983,41.59968],[73.99657,41.60101],[73.99534,41.60151],[73.99516,41.60233],[73.99482,41.60278],[73.99339,41.60403],[73.99227,41.60518],[73.99195,41.60579],[73.99236,41.60626],[73.99221,41.60735],[73.99206,41.60872],[73.99191,41.60957],[73.99185,41.60973],[73.99184,41.60983],[73.99176,41.60991],[73.99127,41.61004],[73.99048,41.61034],[73.99005,41.61063],[73.98955,41.61063],[73.98848,41.61087],[73.98769,41.6112],[73.98681,41.61145],[73.98629,41.61185],[73.98548,41.61234],[73.98493,41.61257],[73.98439,41.61288],[73.98412,41.61327],[73.98376,41.6137],[73.98345,41.61403],[73.98326,41.61457],[73.98319,41.61495],[73.9834,41.61516],[73.98378,41.61546],[73.98401,41.61647],[73.98408,41.61745],[73.98363,41.61795],[73.98303,41.6186],[73.9827,41.61924],[73.98189,41.61985],[73.98134,41.6204],[73.98125,41.6208],[73.98125,41.62159],[73.98111,41.6225],[73.98096,41.62295],[73.98037,41.62346],[73.98008,41.62403],[73.97966,41.62516],[73.97913,41.6258],[73.97827,41.62637],[73.97779,41.62686],[73.97766,41.6275],[73.97803,41.62814],[73.97915,41.62877],[73.97996,41.62965],[73.98065,41.63102],[73.98121,41.63228],[73.98112,41.63302],[73.98054,41.63443],[73.97992,41.63512],[73.97895,41.63571],[73.97719,41.63636],[73.97591,41.63709],[73.97432,41.63809],[73.97258,41.63963],[73.972,41.64014],[73.97046,41.64049],[73.96913,41.64123],[73.96777,41.64188],[73.96665,41.64242],[73.96598,41.64321],[73.96499,41.64421],[73.96423,41.64477],[73.96304,41.64566],[73.96156,41.64652],[73.96055,41.64707],[73.96002,41.6477],[73.95938,41.64921],[73.9586,41.65009],[73.95831,41.65052],[73.95803,41.65075],[73.95759,41.65092],[73.95683,41.65175],[73.95512,41.65292],[73.95371,41.65409],[73.95239,41.65549],[73.95167,41.65586],[73.95094,41.65593],[73.94995,41.65597],[73.94884,41.65635],[73.94725,41.65657],[73.94489,41.65692],[73.94349,41.65703],[73.94214,41.65712],[73.94136,41.6572],[73.94065,41.65759],[73.94011,41.65799],[73.93927,41.6581],[73.9385,41.65822],[73.93754,41.65804],[73.93647,41.65763],[73.93458,41.65667],[73.93351,41.65628],[73.93312,41.65595],[73.93257,41.65537],[73.93195,41.65486],[73.93102,41.65421],[73.93006,41.65335],[73.92931,41.65297],[73.92826,41.65261],[73.92624,41.65222],[73.92592,41.65217],[73.92552,41.6521],[73.92494,41.65213],[73.92418,41.65239],[73.92364,41.65238],[73.92276,41.65216],[73.9219,41.65209],[73.9207,41.65222],[73.91957,41.65262],[73.91767,41.65289],[73.9165,41.65284],[73.91604,41.65267],[73.91578,41.65226],[73.91494,41.65164],[73.91393,41.65069],[73.91348,41.65064],[73.91318,41.65062],[73.9128,41.65154],[73.91268,41.65193],[73.91265,41.65216],[73.91268,41.65244],[73.91275,41.65281],[73.91286,41.6532],[73.91292,41.65348],[73.91296,41.65377],[73.91297,41.654],[73.91291,41.65419],[73.91282,41.65445],[73.91275,41.65467],[73.91266,41.65513],[73.91261,41.65541],[73.91262,41.6557],[73.91268,41.65601],[73.91282,41.65627],[73.91287,41.65643],[73.91287,41.65655],[73.91282,41.65668],[73.91272,41.65684],[73.91265,41.65694],[73.91259,41.6571],[73.91256,41.65737],[73.91255,41.65773],[73.91258,41.65824],[73.91263,41.65893],[73.91269,41.6593],[73.91281,41.65961],[73.91294,41.65988],[73.91308,41.66012],[73.91327,41.66044],[73.91346,41.66071],[73.91363,41.661],[73.91372,41.66117],[73.91379,41.66136],[73.91384,41.66158],[73.91386,41.66178],[73.91386,41.66192],[73.91385,41.66206],[73.91378,41.66219],[73.91365,41.66238],[73.91349,41.66254],[73.91322,41.66276],[73.91297,41.66291],[73.9127,41.66305],[73.91238,41.66319],[73.91191,41.66332],[73.91154,41.66341],[73.91119,41.66349],[73.91091,41.66353],[73.91052,41.66356],[73.90986,41.66358],[73.90932,41.6636],[73.90881,41.66363],[73.90843,41.66368],[73.90807,41.66375],[73.90775,41.66387],[73.90755,41.66399],[73.90733,41.66417],[73.90717,41.66439],[73.90709,41.6646],[73.907,41.66503],[73.90697,41.66542],[73.90696,41.66608],[73.9069,41.66674],[73.90683,41.66712],[73.90676,41.66727],[73.90665,41.66743],[73.90643,41.66762],[73.9061,41.66785],[73.90579,41.66814],[73.9056,41.66839],[73.90535,41.66875],[73.90506,41.66925],[73.90487,41.66969],[73.9047,41.67012],[73.90447,41.67066],[73.9043,41.67115],[73.90424,41.67154],[73.90417,41.67191],[73.90405,41.67232],[73.90393,41.67269],[73.90378,41.67296],[73.9035,41.67335],[73.90327,41.67362],[73.90304,41.67392],[73.90289,41.67417],[73.90271,41.67457],[73.90256,41.67486],[73.90239,41.67516],[73.90215,41.67557],[73.9019,41.67592],[73.90148,41.67647],[73.901,41.67704],[73.90066,41.67736],[73.9004,41.67757],[73.90005,41.67779],[73.89968,41.67802],[73.89907,41.6784],[73.89864,41.67869],[73.89825,41.67899],[73.89798,41.67926],[73.89781,41.67952],[73.89771,41.67978],[73.89762,41.68015],[73.8976,41.68044],[73.8976,41.68076],[73.89761,41.68113],[73.89759,41.68134],[73.89755,41.68158],[73.89747,41.68176],[73.89734,41.68196],[73.89725,41.68208],[73.8969,41.68261],[73.89667,41.68288],[73.89654,41.68299],[73.89633,41.68313],[73.89603,41.6833],[73.89563,41.68345],[73.89509,41.68359],[73.89465,41.68368],[73.89403,41.68379],[73.89323,41.68387],[73.89108,41.68406],[73.89059,41.6841],[73.89008,41.68418],[73.88971,41.68427],[73.88945,41.6844],[73.88925,41.68457],[73.88907,41.68476],[73.88889,41.68507],[73.88882,41.6853],[73.88884,41.68563],[73.88891,41.68586],[73.88904,41.68618],[73.88926,41.68667],[73.88965,41.68737],[73.89002,41.68792],[73.89029,41.68829],[73.89052,41.68857],[73.89097,41.68907],[73.89125,41.68941],[73.89145,41.68971],[73.89166,41.69006],[73.89176,41.69032],[73.89178,41.6905],[73.89176,41.69065],[73.89169,41.69081],[73.89156,41.69095],[73.89141,41.69106],[73.89131,41.69116],[73.89124,41.69128],[73.89121,41.69141],[73.89121,41.69159],[73.89122,41.692],[73.89125,41.69277],[73.89127,41.69325],[73.89126,41.69345],[73.89124,41.69363],[73.8912,41.69384],[73.89112,41.69405],[73.89103,41.69421],[73.89091,41.69437],[73.89067,41.69459],[73.89046,41.69475],[73.89016,41.6949],[73.88973,41.69508],[73.88927,41.69522],[73.8883,41.69546],[73.88764,41.69558],[73.88691,41.69572],[73.8865,41.6958],[73.88615,41.69589],[73.88577,41.69605],[73.8853,41.69628],[73.88499,41.6965],[73.88488,41.69662],[73.88473,41.69678],[73.88461,41.69699],[73.88454,41.69726],[73.88447,41.69755],[73.88445,41.69779],[73.88449,41.69799],[73.88455,41.69809],[73.88461,41.69819],[73.88468,41.69824],[73.88478,41.69832],[73.88486,41.6984],[73.88489,41.69847],[73.88491,41.69855],[73.8849,41.69864],[73.88487,41.69876],[73.88486,41.69887],[73.88486,41.69897],[73.88487,41.69909],[73.88489,41.69924],[73.88493,41.69937],[73.885,41.69956],[73.88505,41.69974],[73.88509,41.69989],[73.88518,41.70025],[73.88523,41.7006],[73.88525,41.70095],[73.88531,41.70148],[73.88534,41.70179],[73.88533,41.70199],[73.8853,41.70217],[73.88524,41.7024],[73.88511,41.70276],[73.88503,41.70302],[73.88494,41.70332],[73.88481,41.70382],[73.88468,41.70424],[73.88456,41.70458],[73.8856,41.70472],[73.88627,41.70508],[73.88802,41.70568],[73.88963,41.70581],[73.89272,41.70587],[73.89341,41.70579],[73.89472,41.70593],[73.8953,41.70566],[73.89603,41.70571],[73.89744,41.70592],[73.89879,41.70592],[73.89978,41.706],[73.90141,41.70558],[73.90163,41.70603],[73.90364,41.70614],[73.90497,41.70605],[73.90551,41.70619],[73.90626,41.70641],[73.90693,41.70606],[73.90774,41.70625],[73.90856,41.70651],[73.90969,41.70657],[73.91029,41.70606],[73.9109,41.70595],[73.91225,41.70669],[73.91326,41.70731],[73.91403,41.70689],[73.91482,41.7067],[73.91656,41.70744],[73.91817,41.70746],[73.91911,41.70697],[73.9201,41.70606],[73.92126,41.70512],[73.92278,41.70529],[73.92426,41.70456],[73.92579,41.70449],[73.92789,41.70329],[73.92922,41.70254],[73.92948,41.70161],[73.92995,41.70069],[73.9319,41.69961],[73.9327,41.6988],[73.93431,41.69755],[73.93542,41.69613],[73.93568,41.69563],[73.93703,41.69539],[73.93967,41.69443],[73.94014,41.69459],[73.94285,41.694],[73.94454,41.69381],[73.94688,41.6936],[73.94853,41.69371],[73.9513,41.69334],[73.95295,41.69334],[73.95518,41.69321],[73.95636,41.69296],[73.9583,41.69252],[73.96134,41.6928],[73.96392,41.69368],[73.96598,41.69437],[73.96643,41.69509],[73.96746,41.69598],[73.96842,41.69629],[73.96922,41.69581],[73.97117,41.69509],[73.9722,41.69462],[73.97252,41.69281],[73.97132,41.69204],[73.97108,41.69063],[73.97138,41.68927],[73.97336,41.68865],[73.97443,41.68693],[73.97675,41.68464],[73.98078,41.68507],[73.98336,41.68512],[73.98473,41.68523],[73.98572,41.68597],[73.98765,41.68626],[73.98928,41.68634],[73.99286,41.68651],[73.99477,41.68693],[73.99668,41.6869],[74.00115,41.68464],[74.00175,41.68309],[74.00188,41.68204],[74.00518,41.68055],[74.00715,41.67953],[74.00891,41.67909],[74.0108,41.67908],[74.01327,41.6798],[74.01372,41.68022],[74.01535,41.68023],[74.01743,41.67983],[74.01857,41.6791],[74.02113,41.67547],[74.02413,41.67392],[74.02563,41.6731],[74.03138,41.66584],[74.03338,41.66497],[74.03621,41.66284],[74.04033,41.66103],[74.041,41.65855],[74.04055,41.65611],[74.04052,41.65226],[74.04132,41.64897],[74.04213,41.64755],[74.04256,41.6457],[74.0416,41.64282],[74.03838,41.63608],[74.03411,41.63174],[74.03282,41.63109],[74.0305,41.63135],[74.0281,41.63021],[74.02692,41.62854],[74.02774,41.62676],[74.02932,41.62436],[74.03061,41.62137],[74.0316,41.62044],[74.03486,41.61805],[74.03937,41.61473],[74.04016,41.61348],[74.04138,41.61199],[74.04621,41.6105],[74.05057,41.60902],[74.05203,41.60849],[74.05722,41.60973],[74.06014,41.60992],[74.06127,41.61051],[74.06272,41.61184],[74.06518,41.61261],[74.06707,41.61251],[74.07076,41.61259],[74.07799,41.61567],[74.08016,41.62047],[74.07684,41.62376],[74.07825,41.62641],[74.07926,41.6291],[74.07853,41.63268],[74.07782,41.6355],[74.07838,41.63722],[74.07825,41.63972],[74.07716,41.64211],[74.0766,41.64645],[74.07645,41.65004],[74.07694,41.65301],[74.07621,41.65572],[74.07731,41.66159],[74.07832,41.66348],[74.0784,41.66558],[74.07767,41.66761],[74.07656,41.66838],[74.07604,41.66986],[74.07578,41.67088],[74.07542,41.67353],[74.07645,41.67696],[74.07759,41.67814],[74.07819,41.67888],[74.07819,41.67962],[74.07778,41.6801],[74.07797,41.68249],[74.07804,41.68361],[74.07819,41.68502],[74.07692,41.68619],[74.07643,41.68705],[74.07638,41.69008],[74.07626,41.69332],[74.07587,41.69717],[74.07548,41.69949],[74.07604,41.70045],[74.07671,41.7016],[74.07787,41.70393],[74.07939,41.70474],[74.07967,41.70628],[74.08113,41.70735],[74.0819,41.70924],[74.08183,41.71186],[74.08295,41.71517],[74.0837,41.71642],[74.0834,41.71791],[74.08445,41.72036],[74.08591,41.72185],[74.08789,41.72289],[74.08756,41.72371],[74.08753,41.72428],[74.08726,41.72435],[74.08512,41.72499],[74.08358,41.72604],[74.08254,41.72621],[74.08012,41.72637],[74.07916,41.72624],[74.07817,41.72578],[74.07732,41.72492],[74.07618,41.72473],[74.07391,41.72456],[74.07288,41.72421],[74.0721,41.72417],[74.07133,41.72443],[74.07097,41.72497],[74.07073,41.72564],[74.07026,41.72642],[74.06921,41.72676],[74.0673,41.72698],[74.0664,41.72725],[74.06544,41.72813],[74.06496,41.72902],[74.06449,41.73008],[74.06417,41.73026],[74.06323,41.73061],[74.06107,41.73093],[74.05986,41.73143],[74.05905,41.73273],[74.05822,41.73306],[74.05735,41.73316],[74.0557,41.73282],[74.05448,41.7327],[74.05349,41.73316],[74.0518,41.73374],[74.04944,41.73393],[74.04809,41.73391],[74.04695,41.73376],[74.04604,41.73354],[74.04501,41.73325],[74.04361,41.73344],[74.04249,41.73373],[74.04155,41.73381],[74.04098,41.73378],[74.0407,41.73377],[74.04046,41.7337],[74.0403,41.73362],[74.04029,41.73342],[74.04018,41.73322],[74.03981,41.73308],[74.03869,41.73291],[74.03835,41.7329],[74.03792,41.73297],[74.03695,41.73323],[74.03565,41.73338],[74.03452,41.73333],[74.03396,41.73314],[74.03361,41.73293],[74.03325,41.73287],[74.03264,41.73301],[74.03178,41.73331],[74.03104,41.73345],[74.02988,41.7334],[74.02903,41.73372],[74.02834,41.73381],[74.02786,41.73352],[74.02757,41.73309],[74.0273,41.73211],[74.02697,41.73183],[74.02599,41.7313],[74.02401,41.73086],[74.02272,41.73053],[74.0216,41.73053],[74.02054,41.73087],[74.01993,41.73124],[74.01942,41.73145],[74.01872,41.73151],[74.01719,41.7306],[74.0162,41.73037],[74.01496,41.73036],[74.01313,41.73079],[74.01223,41.73085],[74.01167,41.7309],[74.01145,41.7311],[74.01147,41.73143],[74.01171,41.73205],[74.01195,41.73289],[74.01177,41.73325],[74.01133,41.73359],[74.01075,41.73383],[74.01001,41.73394],[74.00863,41.73398],[74.00759,41.73429],[74.00478,41.73438],[74.00312,41.73433],[74.00194,41.73435],[74.0007,41.73465],[73.99924,41.7348],[73.99836,41.73477],[73.99747,41.73462],[73.9962,41.73464],[73.99521,41.73476],[73.99436,41.73494],[73.99344,41.7353],[73.99281,41.73531],[73.99192,41.73535],[73.99108,41.73527],[73.99043,41.73532],[73.99004,41.7354],[73.98926,41.73603],[73.9886,41.73625],[73.98812,41.73645],[73.98778,41.73674],[73.98744,41.73694],[73.9848,41.73806],[73.98356,41.73837],[73.983,41.73842],[73.98208,41.73822],[73.98124,41.73821],[73.98045,41.73841],[73.97966,41.73868],[73.97899,41.73903],[73.97861,41.73936],[73.97809,41.73981],[73.97758,41.74017],[73.9769,41.74047],[73.97644,41.74061],[73.97585,41.74056],[73.97669,41.74192],[73.97731,41.74251],[73.97791,41.7431],[73.97836,41.74417],[73.97993,41.74685],[73.98228,41.75045],[73.98464,41.75253],[73.98483,41.75335],[73.98406,41.7546],[73.98228,41.75679],[73.98166,41.75784],[73.9808,41.75805],[73.9791,41.75898],[73.97829,41.76093],[73.97827,41.76205],[73.97839,41.76237],[73.97908,41.76311],[73.97842,41.76364],[73.97709,41.76498],[73.97552,41.76591],[73.97427,41.76641],[73.97234,41.76684],[73.9708,41.76742],[73.96863,41.76809],[73.96835,41.76871],[73.96936,41.76959],[73.9694,41.77041],[73.96822,41.77202],[73.9676,41.77412],[73.96835,41.77817],[73.96885,41.77889],[73.96846,41.77966],[73.96758,41.78062],[73.96382,41.78311],[73.96286,41.78515],[73.96277,41.78655],[73.96252,41.78815],[73.96161,41.79054],[73.96271,41.79385],[73.96161,41.79703],[73.96116,41.80023],[73.96129,41.80252],[73.96153,41.80351],[73.96185,41.8077],[73.96494,41.81128],[73.96541,41.8128],[73.96612,41.81389],[73.96917,41.81986],[73.96897,41.82184],[73.96552,41.82533],[73.96555,41.82571],[73.96325,41.82809],[73.96183,41.82972],[73.95782,41.8334],[73.95451,41.83479],[73.95164,41.83767],[73.94797,41.84136],[73.94617,41.84346],[73.94591,41.84609],[73.94142,41.84692],[73.93883,41.84726],[73.9358,41.84811],[73.934,41.84942],[73.93187,41.8499],[73.92949,41.84937],[73.92713,41.84886],[73.92265,41.84689],[73.91821,41.84441],[73.91557,41.84318],[73.91115,41.84531],[73.90834,41.84678],[73.90477,41.84641],[73.9007,41.84622],[73.89816,41.84283],[73.89359,41.83797],[73.88995,41.8377],[73.88759,41.83784],[73.88457,41.84019],[73.88195,41.84148],[73.87936,41.84305],[73.87472,41.84602],[73.87326,41.84639],[73.8711,41.84674],[73.86962,41.84674],[73.86869,41.8469],[73.86685,41.84751],[73.86603,41.8478],[73.86539,41.84786],[73.86395,41.84775],[73.86352,41.84764],[73.86292,41.84717],[73.86251,41.84673],[73.86211,41.84652],[73.86155,41.84634],[73.86101,41.84641],[73.86039,41.84649],[73.8596,41.84633],[73.85805,41.84537],[73.85717,41.84466],[73.85676,41.84436],[73.85558,41.84407],[73.85522,41.84386],[73.85432,41.84364],[73.85365,41.84329],[73.85337,41.84265],[73.85348,41.84115],[73.85354,41.84043],[73.85327,41.84008],[73.85258,41.84089],[73.85256,41.84139],[73.85172,41.84222],[73.85118,41.84273],[73.85015,41.84406],[73.84936,41.84455],[73.84837,41.84511],[73.84719,41.84589],[73.84623,41.84629],[73.84477,41.84724],[73.84432,41.84776],[73.84327,41.8485],[73.84275,41.84898],[73.84224,41.84957],[73.83835,41.85186],[73.83767,41.85275],[73.83657,41.85341],[73.8352,41.85433],[73.83423,41.85548],[73.82865,41.85855],[73.82516,41.86105],[73.82265,41.86264],[73.81801,41.86736],[73.81459,41.86938],[73.80989,41.87225],[73.80871,41.87259],[73.80691,41.87385],[73.80566,41.87412],[73.80342,41.87385],[73.80348,41.87182],[73.80309,41.87002],[73.80378,41.86791],[73.80373,41.8666],[73.80322,41.86466],[73.80285,41.8635],[73.803,41.8629],[73.80369,41.8619],[73.80401,41.86084],[73.80466,41.85988],[73.80474,41.85872],[73.80421,41.85749],[73.8032,41.85613],[73.8027,41.85511],[73.80122,41.85213],[73.80112,41.85111],[73.8006,41.85023],[73.79998,41.84962],[73.79886,41.84873],[73.79783,41.84838],[73.79582,41.84855],[73.79438,41.85007],[73.7944,41.85057],[73.79373,41.85031],[73.79322,41.85044],[73.79247,41.85031],[73.79148,41.85009],[73.79077,41.85009],[73.78985,41.85063],[73.78897,41.85111],[73.78824,41.85145],[73.78781,41.85178],[73.78676,41.8522],[73.78567,41.85317],[73.78545,41.85327],[73.785,41.85304],[73.78481,41.85215],[73.78537,41.85101],[73.78597,41.8505],[73.78648,41.84977],[73.7867,41.84937],[73.78601,41.84908],[73.78537,41.84892],[73.78481,41.84863],[73.78397,41.84854],[73.783,41.84862],[73.78298,41.84839],[73.78311,41.84798],[73.78324,41.84735],[73.78268,41.84737],[73.78204,41.84751],[73.78135,41.8475],[73.77846,41.84747],[73.77693,41.84783],[73.77633,41.84823],[73.77543,41.84908],[73.77335,41.85041],[73.77202,41.85069],[73.7712,41.85097],[73.77056,41.85146],[73.77052,41.85194],[73.77103,41.85231],[73.77101,41.85298],[73.77056,41.85362],[73.76974,41.85423],[73.76953,41.85467],[73.7688,41.85496],[73.76781,41.85517],[73.7673,41.85535],[73.76526,41.85635],[73.76268,41.85718],[73.76086,41.85817],[73.75994,41.85833],[73.75919,41.85837],[73.75816,41.85883],[73.75781,41.85909],[73.75578,41.86043],[73.7538,41.861],[73.75181,41.86199],[73.75082,41.86238],[73.74987,41.86266],[73.74857,41.86297],[73.74732,41.86311],[73.74687,41.86359],[73.7455,41.86406],[73.74494,41.86428],[73.74451,41.86492],[73.74425,41.86514],[73.74239,41.86576],[73.74163,41.86592],[73.74118,41.86568],[73.74075,41.8653],[73.74045,41.86477],[73.74041,41.86431],[73.74009,41.8637],[73.73968,41.86343],[73.73912,41.8635],[73.73863,41.86417],[73.73777,41.86436],[73.73691,41.86455],[73.73565,41.86525],[73.73473,41.86559],[73.72026,41.86842],[73.71878,41.86842],[73.71777,41.86819],[73.71666,41.86816],[73.71498,41.86811],[73.71391,41.86842],[73.71299,41.86869],[73.71267,41.86869],[73.71204,41.86886],[73.71177,41.86966],[73.71202,41.87105],[73.71415,41.87188],[73.7146,41.87377],[73.71503,41.87484],[73.71563,41.87532],[73.71444,41.88123],[73.71573,41.88287],[73.71807,41.88276],[73.72553,41.88178],[73.73,41.88069],[73.73521,41.88103],[73.73549,41.88202],[73.73536,41.88368],[73.73875,41.88869],[73.74081,41.88992],[73.74072,41.89229],[73.73997,41.89436],[73.73935,41.89665],[73.73993,41.90074],[73.74006,41.90201],[73.74225,41.90259],[73.74371,41.90449],[73.74768,41.90573],[73.75029,41.90663],[73.75169,41.90701],[73.75313,41.90706],[73.75622,41.90995],[73.76064,41.91048],[73.76167,41.91345],[73.76047,41.91653],[73.76094,41.91821],[73.76306,41.92383],[73.76551,41.92593],[73.76761,41.92798],[73.77233,41.93211],[73.77433,41.93313],[73.77634,41.93629],[73.77656,41.93768],[73.77797,41.94113],[73.78306,41.94721],[73.78499,41.94847],[73.78615,41.94987],[73.78779,41.95065],[73.78848,41.9514],[73.78846,41.9533],[73.78612,41.95493],[73.78301,41.95809],[73.78219,41.9589],[73.78376,41.96058],[73.78387,41.96304],[73.78183,41.96541],[73.78427,41.96658],[73.7864,41.96753],[73.78696,41.96862],[73.78661,41.96983],[73.78076,41.97238],[73.77878,41.97384],[73.77541,41.97454],[73.77363,41.97524],[73.77099,41.97797],[73.77168,41.97982],[73.77432,41.98294],[73.76889,41.98553],[73.7676,41.98838],[73.76649,41.9907],[73.76695,41.99198],[73.76536,41.99422],[73.76424,41.99749],[73.76557,41.99891],[73.76544,42.00185],[73.76671,42.00285],[73.76695,42.00381],[73.76647,42.00572],[73.76562,42.00673],[73.76351,42.00818],[73.7609,42.00853],[73.75714,42.00741],[73.7563,42.00722],[73.75403,42.00897],[73.75251,42.00893],[73.7503,42.00803],[73.74839,42.00744],[73.7453,42.00636],[73.74339,42.00625],[73.7424,42.0063],[73.74075,42.00558],[73.73854,42.0054],[73.73688,42.0043],[73.73409,42.00413],[73.73167,42.00405],[73.7292,42.00354],[73.72689,42.00306],[73.72525,42.00315],[73.72523,42.00481],[73.72319,42.00577],[73.72161,42.00579],[73.72019,42.00435],[73.71678,42.00521],[73.71611,42.00625],[73.71326,42.00837],[73.71135,42.00829],[73.70822,42.0098],[73.70639,42.01009],[73.70508,42.01094],[73.70453,42.01188],[73.70317,42.01296],[73.70189,42.01148],[73.70075,42.0107],[73.69927,42.00963],[73.69852,42.0088],[73.69717,42.00759],[73.69594,42.00762],[73.6947,42.00948],[73.69272,42.00988],[73.69122,42.01033],[73.6903,42.01119],[73.68863,42.01229],[73.68622,42.01366],[73.68345,42.01543],[73.68234,42.01616],[73.68094,42.01549],[73.67901,42.01495],[73.67504,42.01345],[73.67296,42.01277],[73.6715,42.01219],[73.67062,42.01221],[73.66629,42.01321],[73.66601,42.01208],[73.66386,42.01062],[73.66163,42.00985],[73.66097,42.00937],[73.65856,42.00953],[73.65535,42.00979],[73.65459,42.00963],[73.6535,42.00883],[73.65219,42.00845],[73.65187,42.00794],[73.65114,42.00763],[73.64917,42.00727],[73.64811,42.00679],[73.64597,42.00622],[73.64532,42.00599],[73.64502,42.00527],[73.64479,42.0043],[73.64447,42.0036],[73.64271,42.00172],[73.64204,42.00142],[73.64043,42.00129],[73.63887,42.00052],[73.63754,42.00022],[73.63565,42.00024],[73.63376,42.00154],[73.63196,42.00234],[73.62919,42.00161],[73.62715,42.0011],[73.6258,42.00103],[73.62294,42.00055],[73.62172,42.00046],[73.62097,42.00108],[73.61824,42.00124],[73.61679,42.00134],[73.61578,42.00108],[73.61425,42.00041],[73.61365,42.00014],[73.61155,42.00032],[73.61026,42.00052],[73.60779,42.00017],[73.60511,41.99729],[73.6038,41.99671],[73.60028,41.99461],[73.59773,41.99394],[73.59516,41.99434],[73.59314,41.99504],[73.59153,41.99607],[73.59048,41.99705],[73.58522,41.99938],[73.5829,41.99778],[73.58091,41.9965],[73.57994,41.99571],[73.57758,41.99574],[73.57484,41.99711],[73.57248,41.99808],[73.57042,41.99898],[73.5676,41.99987],[73.56396,42.0018],[73.56306,42.00173],[73.56123,42.00065],[73.55896,41.99979],[73.55737,41.9985],[73.55608,41.99901],[73.5534,41.99923],[73.55085,41.99917],[73.54776,41.99606],[73.54625,41.99472],[73.54426,41.99469],[73.54145,41.99703],[73.54123,41.99716],[73.53744,41.99725],[73.5334,41.99764],[73.52909,41.99646],[73.52735,41.9963],[73.52598,41.99684],[73.52435,41.99695],[73.52179,41.99583],[73.52016,41.99553],[73.51825,41.99555],[73.51544,41.99649],[73.51428,41.99709],[73.51229,41.998],[73.50984,41.99938],[73.50836,42.00063],[73.50778,42.00164],[73.50632,42.00272],[73.50527,42.00346],[73.50336,42.00398],[73.50085,42.00489],[73.49969,42.0061],[73.49828,42.00708],[73.49583,42.00827],[73.49443,42.00888],[73.49358,42.00974],[73.49137,42.00899],[73.4886,42.00936],[73.48697,42.00985],[73.4869,42.0102],[73.48437,42.0098],[73.48298,42.00915],[73.48214,42.00889],[73.48077,42.00896],[73.47971,42.00932],[73.47937,42.00993],[73.47671,42.0128],[73.47456,42.01335],[73.47308,42.01369],[73.47109,42.01369],[73.46862,42.01229],[73.46767,42.01171],[73.46383,42.01253],[73.46115,42.01141],[73.4592,42.01077],[73.45682,42.01013],[73.45566,42.01114],[73.45469,42.01139],[73.45323,42.01347],[73.4522,42.01506],[73.45197,42.0193],[73.44431,42.02164],[73.44098,42.02161],[73.43995,42.02166],[73.43826,42.01987],[73.43761,42.01887],[73.43639,42.01817],[73.43506,42.01819],[73.43281,42.0167],[73.43049,42.01536],[73.42789,42.01495],[73.42645,42.01479],[73.42272,42.01522],[73.42176,42.01548],[73.41933,42.01382],[73.41785,42.0135],[73.41585,42.01371],[73.41555,42.01471],[73.41446,42.01742],[73.41478,42.02094],[73.41465,42.02231],[73.41431,42.02333],[73.41341,42.02609],[73.41287,42.02716],[73.41165,42.02705],[73.41021,42.02635],[73.40695,42.02733],[73.40568,42.02786],[73.4044,42.02671],[73.40109,42.02662],[73.40002,42.02649],[73.39897,42.02542],[73.3991,42.02485],[73.39884,42.02309],[73.39611,42.0229],[73.39416,42.02263],[73.39257,42.02255],[73.39343,42.02337],[73.39304,42.02458],[73.39274,42.02573],[73.39152,42.02598],[73.39064,42.02684],[73.3897,42.02848],[73.38912,42.02933],[73.38847,42.03036],[73.38712,42.03124],[73.38433,42.03263],[73.38152,42.03183],[73.38008,42.03173],[73.37751,42.03142],[73.37725,42.03105],[73.37435,42.03079],[73.37305,42.02998],[73.36768,42.0304],[73.36783,42.0296],[73.36644,42.0288],[73.36433,42.02792],[73.36251,42.02694],[73.36137,42.02641],[73.35903,42.02636],[73.3582,42.02694],[73.35717,42.02805],[73.35577,42.02741],[73.34998,42.02743],[73.34738,42.02729],[73.34436,42.02802],[73.34328,42.02877],[73.34255,42.0321],[73.3426,42.03395],[73.34268,42.03481],[73.34058,42.03613],[73.3389,42.03649],[73.33557,42.03622],[73.33411,42.03648],[73.33246,42.03673],[73.32963,42.03673],[73.32778,42.03702],[73.32585,42.03898],[73.32581,42.04086],[73.32548,42.04206],[73.32302,42.04352],[73.32186,42.04556],[73.32302,42.04738],[73.32381,42.05018],[73.32428,42.05152],[73.324,42.05337],[73.32445,42.05396],[73.32364,42.05965],[73.32246,42.061],[73.32222,42.06446],[73.32164,42.06621],[73.31986,42.06803],[73.31782,42.07077],[73.318,42.07228],[73.31789,42.07387],[73.31836,42.07636],[73.31868,42.07923],[73.3178,42.08169],[73.31692,42.08234],[73.31452,42.08656],[73.31454,42.08789],[73.3136,42.08999],[73.31179,42.09207],[73.30937,42.09206],[73.3074,42.09303],[73.30682,42.09359],[73.30555,42.09414],[73.3028,42.09438],[73.29926,42.09367],[73.29637,42.09327],[73.29516,42.09473],[73.2945,42.09531],[73.29424,42.09595],[73.29298,42.09606],[73.29163,42.09574],[73.2899,42.09577],[73.28767,42.09601],[73.28723,42.09534],[73.28653,42.09493],[73.28472,42.09506],[73.28366,42.09546],[73.28193,42.09547],[73.28093,42.09551],[73.27928,42.09616],[73.27808,42.09616],[73.27726,42.09668],[73.276,42.0972],[73.27407,42.0973],[73.27268,42.09736],[73.26717,42.09806],[73.26615,42.09862],[73.26397,42.09923],[73.26359,42.09982],[73.26225,42.1011],[73.25977,42.10417],[73.25889,42.10519],[73.25834,42.10545],[73.2557,42.10552],[73.25368,42.10554],[73.25089,42.10554],[73.24902,42.10534],[73.24711,42.10505],[73.24541,42.1054],[73.24487,42.10621],[73.24385,42.10621],[73.23977,42.10623],[73.23746,42.10598],[73.23594,42.10598],[73.23426,42.10598],[73.23289,42.10636],[73.23069,42.10715],[73.22892,42.10744],[73.22804,42.10813],[73.22509,42.10858],[73.22426,42.10923],[73.22279,42.10947],[73.22,42.11007],[73.21846,42.11057],[73.21799,42.11118],[73.21552,42.1127],[73.21425,42.11368],[73.21273,42.11293],[73.21147,42.11297],[73.20998,42.11275],[73.20868,42.11248],[73.20784,42.11218],[73.20617,42.11201],[73.20502,42.1117],[73.19772,42.11252],[73.19584,42.11324],[73.1924,42.11426],[73.19021,42.11512],[73.18708,42.11658],[73.18549,42.11734],[73.18223,42.11727],[73.17933,42.11744],[73.1771,42.1172],[73.17446,42.11685],[73.17268,42.11672],[73.17107,42.11687],[73.17017,42.11757],[73.16903,42.11868],[73.16524,42.12031],[73.16309,42.12046],[73.16146,42.12089],[73.16019,42.12145],[73.15811,42.12107],[73.15693,42.12034],[73.15507,42.12035],[73.1479,42.12113],[73.14726,42.12139],[73.1459,42.12069],[73.14481,42.11918],[73.14376,42.11785],[73.14344,42.11714],[73.14243,42.11469],[73.14017,42.1141],[73.13498,42.11631],[73.13166,42.11698],[73.12719,42.1189],[73.12099,42.12204],[73.11687,42.12268],[73.11419,42.12245],[73.11346,42.12245],[73.10977,42.12198],[73.10816,42.1219],[73.10743,42.12163],[73.10603,42.11913],[73.10511,42.11733],[73.10425,42.11712],[73.09985,42.11723],[73.09753,42.11703],[73.09556,42.11695],[73.09294,42.11728],[73.09142,42.11789],[73.08751,42.11828],[73.08217,42.11682],[73.07809,42.11685],[73.07296,42.1173],[73.06938,42.11836],[73.06417,42.12021],[73.06118,42.12116],[73.06007,42.12214],[73.05706,42.12393],[73.05623,42.12559],[73.05413,42.12635],[73.05101,42.12728],[73.0488,42.12766],[73.04616,42.12847],[73.04505,42.12817],[73.04089,42.12771],[73.03574,42.12802],[73.03432,42.12869],[73.03344,42.12931],[73.03089,42.12914],[73.02936,42.13143],[73.02816,42.13265],[73.0281,42.13363],[73.02783,42.13571],[73.022,42.13474],[73.02017,42.13473],[73.01833,42.13414],[73.01788,42.13364],[73.01695,42.13256],[73.01642,42.13161],[73.01609,42.13016],[73.01612,42.129],[73.01457,42.12653],[73.01298,42.1257],[73.01116,42.1257],[73.00946,42.12502],[73.00796,42.12384],[73.00824,42.12215],[73.00644,42.12083],[73.00483,42.12045],[73.00324,42.12013],[73.0023,42.1194],[73.00062,42.11983],[72.99927,42.11908],[72.99848,42.11908],[72.99749,42.11924],[72.99633,42.11989],[72.99487,42.12094],[72.99423,42.12192],[72.9941,42.12349],[72.99348,42.12434],[72.99187,42.12551],[72.99058,42.12667],[72.98972,42.12753],[72.98801,42.12884],[72.98635,42.12955],[72.98565,42.13091],[72.98532,42.13197],[72.98614,42.13285],[72.98619,42.13405],[72.98527,42.13464],[72.98271,42.13595],[72.97703,42.13705],[72.97473,42.13741],[72.97415,42.13818],[72.97407,42.13825],[72.97295,42.13931],[72.97108,42.14043],[72.96941,42.14043],[72.96797,42.13888],[72.96713,42.138],[72.96563,42.13748],[72.96456,42.13671],[72.96454,42.13512],[72.96379,42.13436],[72.96209,42.1334],[72.9604,42.13261],[72.9584,42.13237],[72.95703,42.13143],[72.95512,42.12995],[72.95366,42.12917],[72.95267,42.12836],[72.95201,42.12595],[72.95098,42.12361],[72.95022,42.12218],[72.94917,42.12137],[72.94529,42.11898],[72.94368,42.11817],[72.94209,42.11757],[72.94211,42.11505],[72.94194,42.11394],[72.94156,42.11349],[72.93847,42.1125],[72.93836,42.11024],[72.93937,42.10983],[72.93917,42.10923],[72.93761,42.10864],[72.93787,42.10792],[72.93828,42.10709],[72.93708,42.10628],[72.93362,42.1051],[72.93328,42.1047],[72.93221,42.10435],[72.93094,42.10426],[72.92978,42.10462],[72.92903,42.10388],[72.92774,42.10357],[72.92609,42.10306],[72.92506,42.10306],[72.92253,42.10327],[72.92178,42.10295],[72.92008,42.10292],[72.91858,42.10324],[72.91616,42.10389],[72.91495,42.10238],[72.91455,42.10168],[72.9145,42.10164],[72.91371,42.10106],[72.91229,42.10088],[72.91047,42.10068],[72.90719,42.09953],[72.90371,42.10005],[72.90199,42.10023],[72.90081,42.10023],[72.90043,42.09969],[72.89993,42.09896],[72.89796,42.09935],[72.89418,42.09974],[72.89275,42.09974],[72.89245,42.09884],[72.89142,42.0983],[72.89109,42.09728],[72.88822,42.09746],[72.88579,42.09741],[72.88242,42.09593],[72.88273,42.09399],[72.88371,42.09173],[72.88358,42.08902],[72.88326,42.08773],[72.88474,42.0859],[72.88884,42.08396],[72.88878,42.08042],[72.88842,42.07899],[72.88841,42.07896],[72.88878,42.07754],[72.88981,42.07524],[72.88998,42.07211],[72.88938,42.07117],[72.88745,42.07093],[72.88558,42.07085],[72.88307,42.07123],[72.8806,42.06961],[72.87831,42.0679],[72.87697,42.06738],[72.87442,42.06738],[72.87235,42.06781],[72.87225,42.06718],[72.87019,42.0666],[72.86493,42.06493],[72.86326,42.0646],[72.86141,42.06434],[72.85909,42.06393],[72.85845,42.06233],[72.8566,42.05875],[72.85568,42.05741],[72.85431,42.05738],[72.85338,42.05677],[72.85188,42.05545],[72.85094,42.05505],[72.84924,42.05437],[72.84969,42.05386],[72.84746,42.05239],[72.84594,42.05155],[72.84545,42.05161],[72.84433,42.05172],[72.84261,42.05102],[72.84017,42.0511],[72.83748,42.05134],[72.83635,42.05104],[72.83572,42.04943],[72.83458,42.04862],[72.83274,42.04837],[72.83091,42.04864],[72.82911,42.04902],[72.82823,42.04881],[72.82703,42.04833],[72.82606,42.04798],[72.82546,42.04817],[72.82413,42.04916],[72.82308,42.05026],[72.82229,42.04998],[72.82023,42.05042],[72.81913,42.05084],[72.81658,42.05173],[72.81448,42.05264],[72.81059,42.05415],[72.80952,42.05377],[72.80694,42.05471],[72.80076,42.05643],[72.80004,42.05673],[72.79819,42.05745],[72.79587,42.05783],[72.79272,42.05845],[72.79156,42.05893],[72.79025,42.05969],[72.78778,42.06051],[72.78628,42.06165],[72.78707,42.06207],[72.78566,42.06318],[72.78465,42.06495],[72.783,42.06662],[72.78122,42.06645],[72.77764,42.06736],[72.77507,42.06792],[72.77449,42.06938],[72.77562,42.07063],[72.7735,42.07182],[72.77204,42.07317],[72.77152,42.07759],[72.77129,42.07843],[72.76925,42.07932],[72.76575,42.07948],[72.76382,42.08047],[72.76026,42.08201],[72.7579,42.08252],[72.75625,42.08324],[72.75384,42.08459],[72.75174,42.08873],[72.75062,42.08986],[72.74792,42.0908],[72.74336,42.09124],[72.74115,42.09235],[72.73383,42.09509],[72.73096,42.09643],[72.73001,42.09791],[72.72768,42.1013],[72.72652,42.10273],[72.7242,42.10361],[72.72092,42.1044],[72.71935,42.10509],[72.71765,42.10573],[72.71624,42.10928],[72.7145,42.11002],[72.71214,42.11036],[72.70804,42.11036],[72.70675,42.11131],[72.70517,42.11302],[72.70654,42.11496],[72.70652,42.11569],[72.70345,42.11693],[72.70208,42.11836],[72.7009,42.11949],[72.69798,42.11932],[72.69439,42.11956],[72.69036,42.1207],[72.68888,42.12136],[72.6865,42.12198],[72.68334,42.1226],[72.6821,42.12448],[72.67847,42.12645],[72.67478,42.12831],[72.67309,42.12739],[72.67079,42.12863],[72.66884,42.12998],[72.66639,42.13103],[72.6648,42.12976],[72.66287,42.12912],[72.66062,42.12908],[72.65766,42.12928],[72.65172,42.12732],[72.65032,42.12607],[72.64961,42.12484],[72.64833,42.12435],[72.64661,42.12476],[72.6432,42.12661],[72.6431,42.12665],[72.63788,42.12917],[72.63782,42.1292],[72.63597,42.13033],[72.6303,42.13149],[72.62584,42.13094],[72.62361,42.13009],[72.62353,42.12934],[72.62284,42.12822],[72.62249,42.12705],[72.62232,42.12572],[72.62035,42.12559],[72.61925,42.12628],[72.61728,42.12797],[72.61249,42.1321],[72.61163,42.13342],[72.61041,42.13644],[72.60955,42.13778],[72.60726,42.13848],[72.60494,42.13813],[72.60356,42.13692],[72.60097,42.13426],[72.59711,42.1317],[72.59576,42.13126],[72.59565,42.13122],[72.59359,42.13122],[72.59215,42.13208],[72.5896,42.13237],[72.58706,42.13227],[72.58419,42.13224],[72.5826,42.13289],[72.58073,42.13336],[72.57766,42.13452],[72.57477,42.13628],[72.5743,42.13786],[72.57423,42.1391],[72.57247,42.14115],[72.57149,42.14268],[72.57097,42.14616],[72.56779,42.14823],[72.56711,42.15006],[72.56468,42.15036],[72.56084,42.15065],[72.55816,42.15044],[72.55539,42.15172],[72.55277,42.15272],[72.55243,42.15331],[72.54956,42.15475],[72.5473,42.15587],[72.54548,42.15617],[72.54546,42.15565],[72.54262,42.15407],[72.54119,42.15359],[72.54011,42.15359],[72.53767,42.15417],[72.53599,42.15482],[72.53138,42.15547],[72.52861,42.15557],[72.52449,42.15644],[72.52162,42.15506],[72.52056,42.1544],[72.51811,42.15367],[72.5164,42.15417],[72.51268,42.15367],[72.51116,42.15292],[72.50902,42.15261],[72.50715,42.15289],[72.50492,42.15474],[72.50234,42.15615],[72.50082,42.15819],[72.49726,42.15994],[72.49262,42.16107],[72.492,42.1617],[72.49009,42.16283],[72.48728,42.16347],[72.48395,42.16339],[72.48168,42.16358],[72.47893,42.1642],[72.47739,42.16562],[72.47477,42.16589],[72.47192,42.16512],[72.47031,42.1647],[72.46597,42.16423],[72.46235,42.16323],[72.46089,42.1625],[72.45857,42.16159],[72.45619,42.1615],[72.45436,42.16131],[72.45228,42.16016],[72.44887,42.16038],[72.44672,42.16005],[72.44271,42.15852],[72.44005,42.1573],[72.43657,42.15833],[72.43175,42.15999],[72.43057,42.15948],[72.429,42.15871],[72.42567,42.15703],[72.42355,42.15696],[72.42226,42.15851],[72.42067,42.16011],[72.41852,42.16084],[72.4152,42.16142],[72.41269,42.16297],[72.41043,42.16414],[72.40638,42.16405],[72.40228,42.16313],[72.39827,42.16205],[72.39142,42.16297],[72.38964,42.16407],[72.38893,42.16632],[72.38713,42.16774],[72.38889,42.16931],[72.39327,42.1721],[72.39468,42.17579],[72.39513,42.17692],[72.39552,42.17855],[72.39541,42.18229],[72.39378,42.18409],[72.38995,42.18396],[72.38975,42.18528],[72.38458,42.18625],[72.38241,42.18706],[72.37968,42.18957],[72.377,42.19091],[72.37556,42.19288],[72.37292,42.19512],[72.37273,42.19692],[72.37252,42.1994],[72.36835,42.20038],[72.36389,42.20094],[72.35752,42.20181],[72.35355,42.2013],[72.35196,42.20461],[72.34889,42.20722],[72.34722,42.20947],[72.34546,42.21011],[72.34396,42.21095],[72.34005,42.20957],[72.33891,42.20951],[72.33722,42.20979],[72.33582,42.21079],[72.3343,42.21148],[72.33228,42.21184],[72.32889,42.21241],[72.32582,42.21307],[72.32344,42.21318],[72.31999,42.21337],[72.31694,42.21356],[72.31265,42.21202],[72.31171,42.21149],[72.30853,42.21047],[72.30557,42.20981],[72.30274,42.20974],[72.3008,42.20987],[72.29827,42.21011],[72.29634,42.21141],[72.29338,42.2104],[72.28945,42.20987],[72.28581,42.21068],[72.28361,42.21206],[72.2831,42.2129],[72.281,42.21451],[72.27881,42.21548],[72.27801,42.21551],[72.27709,42.21535],[72.27385,42.21534],[72.27145,42.21551],[72.26853,42.21642],[72.26716,42.21712],[72.26561,42.21785],[72.26332,42.21874],[72.26207,42.21861],[72.26068,42.21797],[72.25928,42.21856],[72.25643,42.21915],[72.25499,42.22017],[72.25256,42.21909],[72.25158,42.21856],[72.24952,42.21809],[72.24769,42.21821],[72.24681,42.21855],[72.24501,42.21797],[72.24332,42.21778],[72.24252,42.21805],[72.24063,42.21855],[72.23907,42.2196],[72.23716,42.22079],[72.23656,42.22018],[72.23488,42.21883],[72.23418,42.21831],[72.23347,42.21829],[72.23203,42.21844],[72.22978,42.21648],[72.22712,42.2148],[72.22338,42.21449],[72.22057,42.2147],[72.21967,42.21529],[72.21813,42.21492],[72.21729,42.21467],[72.21621,42.21462],[72.21634,42.21356],[72.21752,42.21174],[72.21909,42.20892],[72.22096,42.20528],[72.22308,42.20162],[72.22358,42.20051],[72.22231,42.19415],[72.22287,42.19307],[72.22263,42.19149],[72.22096,42.18817],[72.22218,42.18521],[72.22216,42.18423],[72.22122,42.18304],[72.21905,42.17871],[72.21458,42.17784],[72.21366,42.17706],[72.21169,42.17652],[72.20843,42.17682],[72.20654,42.17631],[72.20598,42.17537],[72.20478,42.1714],[72.20452,42.17074],[72.20504,42.16995],[72.20476,42.16799],[72.20197,42.16608],[72.1986,42.16292],[72.19757,42.16177],[72.1972,42.16155],[72.19555,42.16061],[72.19328,42.16018],[72.19044,42.1595],[72.18931,42.15928],[72.18753,42.15805],[72.18656,42.15719],[72.18572,42.15641],[72.18326,42.15455],[72.18107,42.15364],[72.18218,42.15118],[72.18257,42.14762],[72.18266,42.14536],[72.18332,42.14305],[72.18289,42.14122],[72.18214,42.1384],[72.18115,42.13654],[72.18083,42.13575],[72.18225,42.1342],[72.18347,42.13385],[72.186,42.13301],[72.18776,42.13251],[72.18776,42.131],[72.18695,42.12893],[72.1862,42.12645],[72.18617,42.12476],[72.18669,42.12315],[72.18688,42.12109],[72.18553,42.11742],[72.18538,42.11655],[72.18581,42.11496],[72.18697,42.114],[72.18937,42.11302],[72.19229,42.11216],[72.19163,42.10764],[72.18982,42.10517],[72.18738,42.10337],[72.18583,42.1027],[72.18469,42.10138],[72.1854,42.09905],[72.18568,42.09819],[72.18538,42.09751],[72.18472,42.09652],[72.18313,42.09488],[72.18077,42.09275],[72.17984,42.0903],[72.18072,42.08845],[72.17993,42.08732],[72.17869,42.0819],[72.17881,42.07708],[72.17776,42.07523],[72.17562,42.07321],[72.17225,42.0706],[72.1709,42.0697],[72.16811,42.06826],[72.16714,42.06725],[72.16618,42.06642],[72.16392,42.06552],[72.16008,42.06501],[72.15776,42.0647],[72.15251,42.06293],[72.14558,42.05873],[72.14412,42.05835],[72.13564,42.05917],[72.13405,42.05975],[72.13174,42.06139],[72.12991,42.0619],[72.1277,42.06174],[72.1244,42.05981],[72.12176,42.05972],[72.11583,42.06035],[72.11435,42.06032],[72.11319,42.06013],[72.11117,42.06054],[72.10954,42.06056],[72.1071,42.06091],[72.10568,42.06201],[72.1036,42.06411],[72.10285,42.06617],[72.10319,42.06887],[72.10366,42.06981],[72.10373,42.07115],[72.10302,42.07268],[72.10225,42.07396],[72.09931,42.07472],[72.09573,42.07472],[72.09354,42.07319],[72.09203,42.07303],[72.08991,42.07263],[72.08791,42.07196],[72.08457,42.07082],[72.08283,42.07059],[72.08141,42.07059],[72.07965,42.07048],[72.07588,42.06932],[72.07375,42.06779],[72.07343,42.06801],[72.07051,42.06841],[72.06828,42.06859],[72.06674,42.06907],[72.06568,42.07015],[72.06478,42.07128],[72.06414,42.07446],[72.06388,42.07518],[72.06118,42.0766],[72.05925,42.07689],[72.05779,42.07682],[72.05657,42.077],[72.05566,42.07767],[72.05255,42.07802],[72.04875,42.07918],[72.04796,42.07819],[72.04704,42.07679],[72.0456,42.07598],[72.04463,42.07579],[72.043,42.07644],[72.04234,42.07727],[72.04242,42.07857],[72.04266,42.08087],[72.04264,42.08185],[72.04204,42.084],[72.04,42.08474],[72.03734,42.08528],[72.03564,42.08539],[72.03491,42.08596],[72.0344,42.08658],[72.0324,42.08826],[72.029,42.089],[72.02761,42.08841],[72.02589,42.08738],[72.02396,42.08635],[72.02244,42.08674],[72.01926,42.08755],[72.0178,42.08917],[72.01704,42.09027],[72.01749,42.09247],[72.01744,42.09394],[72.01672,42.0948],[72.00963,42.09368],[72.00813,42.09503],[72.0067,42.09632],[72.00274,42.09685],[72.00235,42.09691],[71.99991,42.09598],[71.9926,42.09721],[71.98495,42.09805],[71.98111,42.09743],[71.97979,42.09972],[71.97703,42.10033],[71.975,42.1016],[71.97429,42.10546],[71.97059,42.10554],[71.96844,42.10705],[71.96098,42.1057],[71.96005,42.10614],[71.95548,42.1083],[71.94975,42.10973],[71.94303,42.11125],[71.94074,42.1142],[71.93742,42.11554],[71.93677,42.1158],[71.93648,42.11583],[71.92749,42.1169],[71.92017,42.11939],[71.91477,42.12037],[71.91085,42.12224],[71.90739,42.12581],[71.90408,42.12604],[71.90137,42.12875],[71.89853,42.12858],[71.89186,42.13408],[71.88303,42.13374],[71.88192,42.1353],[71.87922,42.13669],[71.87561,42.13713],[71.87269,42.13843],[71.87069,42.13993],[71.86935,42.13993],[71.86859,42.14053],[71.86825,42.13949],[71.86599,42.1383],[71.86428,42.13789],[71.86198,42.13875],[71.86102,42.13995],[71.86082,42.14303],[71.86037,42.14502],[71.85424,42.14464],[71.85163,42.14611],[71.85149,42.14807],[71.8506,42.1484],[71.84954,42.15021],[71.84851,42.15242],[71.84752,42.15349],[71.84486,42.15564],[71.84366,42.15825],[71.84393,42.16037],[71.84211,42.15995],[71.84095,42.15678],[71.83899,42.15184],[71.83558,42.15076],[71.83048,42.14927],[71.82899,42.14691],[71.82776,42.14647],[71.82372,42.14551],[71.81922,42.14504],[71.81617,42.1445],[71.81471,42.14477],[71.81223,42.14578],[71.81057,42.14718],[71.80845,42.14777],[71.8055,42.14789],[71.80262,42.14941],[71.80066,42.1499],[71.79682,42.15219],[71.79686,42.15599],[71.79447,42.15629],[71.79242,42.15526],[71.78741,42.15479],[71.78367,42.15695],[71.78262,42.15661],[71.7802,42.15562],[71.77972,42.15456],[71.77865,42.1532],[71.77685,42.15238],[71.77415,42.15322],[71.77033,42.15294],[71.76787,42.15341],[71.76668,42.15431],[71.76537,42.15529],[71.76436,42.15453],[71.76228,42.15429],[71.76123,42.15413],[71.75955,42.15432],[71.75747,42.15465],[71.75685,42.15566],[71.75615,42.15724],[71.75091,42.15712],[71.74941,42.15842],[71.74557,42.15835],[71.74246,42.16044],[71.73815,42.16145],[71.73242,42.16348],[71.72818,42.16537],[71.72523,42.16682],[71.72263,42.16607],[71.72054,42.16635],[71.71957,42.16611],[71.71826,42.16584],[71.71613,42.16607],[71.7136,42.16691],[71.71224,42.16622],[71.70962,42.16651],[71.70641,42.16842],[71.70603,42.16937],[71.70369,42.17106],[71.70221,42.17313],[71.69968,42.17497],[71.69865,42.17613],[71.69912,42.17769],[71.69824,42.17884],[71.69459,42.18148],[71.69421,42.18254],[71.69354,42.18529],[71.69202,42.18548],[71.69022,42.18528],[71.68786,42.18491],[71.687,42.18512],[71.68254,42.18842],[71.67865,42.1885],[71.67769,42.18847],[71.6747,42.18938],[71.6735,42.19111],[71.67262,42.19321],[71.66998,42.19493],[71.66687,42.19553],[71.66078,42.19683],[71.65852,42.19873],[71.65608,42.20076],[71.64998,42.20791],[71.64788,42.20807],[71.64533,42.20806],[71.64086,42.20707],[71.63902,42.20658],[71.63647,42.20677],[71.63475,42.20726],[71.6328,42.20677],[71.63035,42.20672],[71.62799,42.20686],[71.61863,42.20853],[71.616,42.2096],[71.61406,42.21109],[71.60928,42.21317],[71.60649,42.21491],[71.60454,42.21309],[71.59949,42.21138],[71.59593,42.21084],[71.59349,42.21139],[71.59299,42.21061],[71.59183,42.20852],[71.59035,42.20853],[71.58634,42.20612],[71.58565,42.20537],[71.5846,42.20457],[71.58256,42.20391],[71.57984,42.2026],[71.57823,42.20243],[71.57355,42.20136],[71.57093,42.20019],[71.56922,42.19935],[71.56707,42.19866],[71.56345,42.19729],[71.56124,42.19659],[71.55999,42.19682],[71.55621,42.19737],[71.55201,42.19834],[71.55001,42.19776],[71.54808,42.19699],[71.54349,42.19707],[71.53997,42.19704],[71.53742,42.19737],[71.53592,42.19847],[71.53428,42.19874],[71.52894,42.19791],[71.52677,42.19793],[71.52216,42.19982],[71.51789,42.19917],[71.51567,42.19941],[71.51194,42.20017],[71.5097,42.20107],[71.50734,42.20204],[71.50449,42.20118],[71.50037,42.20115],[71.49649,42.19986],[71.49421,42.19818],[71.49209,42.19556],[71.49123,42.19303],[71.49026,42.19139],[71.49046,42.18874],[71.49081,42.18727],[71.49107,42.18673],[71.48376,42.18441],[71.46781,42.18848],[71.46517,42.18875],[71.46339,42.18665],[71.46145,42.18554],[71.45217,42.1837],[71.44894,42.18521],[71.44655,42.18768],[71.44155,42.18859],[71.43683,42.19011],[71.42866,42.18838],[71.4225,42.18797],[71.42083,42.19016],[71.4069,42.1943],[71.40496,42.19487],[71.39844,42.19719],[71.39314,42.2006],[71.39217,42.2036],[71.38975,42.20399],[71.38786,42.2037],[71.38569,42.20528],[71.38247,42.20718],[71.38147,42.20843],[71.37889,42.20705],[71.37644,42.20659],[71.37033,42.2077],[71.364,42.2084],[71.35611,42.20807],[71.34809,42.20836],[71.34755,42.20824],[71.34736,42.20831],[71.34723,42.20837],[71.34709,42.20838],[71.34692,42.20837],[71.34661,42.20851],[71.34647,42.20863],[71.34637,42.20871],[71.34618,42.20882],[71.34594,42.20894],[71.34575,42.20903],[71.34562,42.20914],[71.34548,42.20926],[71.34534,42.20938],[71.34528,42.20947],[71.34524,42.20956],[71.34517,42.20967],[71.34493,42.20985],[71.34482,42.20992],[71.34474,42.20997],[71.34467,42.21006],[71.34451,42.21017],[71.34433,42.21026],[71.34404,42.21042],[71.34383,42.21064],[71.34369,42.21077],[71.34358,42.21082],[71.34351,42.21083],[71.34343,42.21083],[71.34318,42.21079],[71.34289,42.21068],[71.34264,42.21058],[71.34247,42.21051],[71.34222,42.21046],[71.342,42.21033],[71.34178,42.21026],[71.34167,42.21024],[71.34151,42.21025],[71.34124,42.21036],[71.34111,42.21038],[71.34088,42.21039],[71.34072,42.21035],[71.34052,42.21029],[71.34036,42.21024],[71.34016,42.21021],[71.34002,42.21022],[71.3399,42.21022],[71.33976,42.21018],[71.33963,42.21014],[71.33949,42.21008],[71.33938,42.21006],[71.33926,42.21006],[71.33915,42.2101],[71.33906,42.2101],[71.33886,42.21006],[71.33863,42.21005],[71.33834,42.21004],[71.33821,42.21004],[71.33805,42.2101],[71.33797,42.2101],[71.33786,42.21008],[71.3377,42.21006],[71.33739,42.21006],[71.33708,42.21003],[71.33694,42.20999],[71.33682,42.20991],[71.33669,42.20988],[71.33659,42.20983],[71.33641,42.20975],[71.33626,42.20966],[71.33615,42.20958],[71.33603,42.20946],[71.33594,42.2094],[71.33575,42.20931],[71.33562,42.20924],[71.33547,42.20912],[71.33531,42.20899],[71.33513,42.20892],[71.33484,42.2089],[71.33457,42.20888],[71.33445,42.20884],[71.33433,42.20875],[71.33422,42.20859],[71.33408,42.20837],[71.33392,42.20823],[71.33375,42.20815],[71.33359,42.20809],[71.33343,42.20809],[71.33325,42.20805],[71.33311,42.20801],[71.33295,42.20794],[71.33281,42.2079],[71.33265,42.20788],[71.33249,42.2079],[71.33233,42.20792],[71.33222,42.20794],[71.33214,42.20792],[71.332,42.20792],[71.33187,42.20792],[71.33177,42.20788],[71.33163,42.20786],[71.33149,42.20786],[71.33128,42.2079],[71.33123,42.20792],[71.3311,42.20796],[71.331,42.20799],[71.3309,42.20799],[71.33073,42.20796],[71.33055,42.20794],[71.33037,42.20795],[71.33018,42.20799],[71.33005,42.20803],[71.32995,42.20802],[71.32966,42.20799],[71.32931,42.20801],[71.32898,42.20809],[71.32877,42.20814],[71.32866,42.20814],[71.32852,42.20808],[71.32826,42.20799],[71.32805,42.20792],[71.32776,42.20789],[71.32715,42.20792],[71.32671,42.20796],[71.32646,42.20799],[71.3263,42.20797],[71.32621,42.20794],[71.32611,42.20792],[71.32599,42.20792],[71.32582,42.20796],[71.32568,42.20796],[71.32553,42.20794],[71.32533,42.20794],[71.32515,42.20796],[71.32476,42.2079],[71.32448,42.20792],[71.32411,42.20799],[71.32373,42.20812],[71.32341,42.20823],[71.32312,42.20837],[71.32281,42.20857],[71.32252,42.20872],[71.32235,42.20886],[71.32219,42.20903],[71.32212,42.20909],[71.32201,42.20911],[71.32182,42.20912],[71.32159,42.20911],[71.32137,42.20912],[71.32118,42.20917],[71.32102,42.20923],[71.32087,42.20924],[71.32061,42.20925],[71.32029,42.20925],[71.31983,42.20931],[71.31957,42.20936],[71.31914,42.20944],[71.31886,42.2095],[71.31866,42.20951],[71.31848,42.20954],[71.31817,42.20961],[71.31769,42.20973],[71.31731,42.20978],[71.31704,42.20983],[71.31678,42.20994],[71.31653,42.20997],[71.31623,42.21001],[71.31588,42.2101],[71.31564,42.21014],[71.31536,42.21014],[71.31517,42.21011],[71.31496,42.21016],[71.3147,42.21029],[71.31441,42.21039],[71.31408,42.21049],[71.31377,42.21054],[71.31333,42.21051],[71.31299,42.21053],[71.31265,42.2106],[71.31246,42.21061],[71.3121,42.21064],[71.31188,42.2107],[71.31159,42.21077],[71.31136,42.21084],[71.31108,42.21091],[71.31084,42.211],[71.31051,42.21111],[71.31021,42.21129],[71.30995,42.21143],[71.30978,42.2115],[71.30954,42.21154],[71.30912,42.21151],[71.30886,42.21151],[71.30845,42.21156],[71.30809,42.21154],[71.3079,42.21156],[71.30771,42.21155],[71.30751,42.2115],[71.30736,42.21145],[71.3072,42.21137],[71.30704,42.21137],[71.3069,42.21139],[71.3068,42.21143],[71.30671,42.21141],[71.30647,42.21126],[71.30619,42.21114],[71.30596,42.21107],[71.30574,42.21104],[71.3055,42.21103],[71.3052,42.21098],[71.30492,42.21096],[71.30464,42.211],[71.30446,42.21104],[71.30418,42.21104],[71.30404,42.21106],[71.30396,42.21109],[71.30388,42.21111],[71.3036,42.21122],[71.30333,42.2114],[71.30306,42.21157],[71.30279,42.21166],[71.30249,42.21175],[71.30208,42.21189],[71.3018,42.21198],[71.30156,42.21216],[71.30142,42.21233],[71.30125,42.21253],[71.30112,42.21261],[71.30105,42.21262],[71.30097,42.21263],[71.30078,42.21265],[71.30067,42.21272],[71.30049,42.21289],[71.30021,42.21319],[71.30002,42.21342],[71.29983,42.21366],[71.29962,42.21398],[71.29947,42.21427],[71.29929,42.21463],[71.29918,42.21495],[71.29914,42.21516],[71.29913,42.21528],[71.29912,42.21546],[71.29907,42.21561],[71.29896,42.21573],[71.29881,42.21583],[71.29869,42.21596],[71.29863,42.2161],[71.29863,42.2163],[71.29857,42.21641],[71.29843,42.21645],[71.29828,42.21648],[71.29808,42.21655],[71.29779,42.21673],[71.29755,42.21693],[71.29737,42.21717],[71.29722,42.21761],[71.29713,42.21789],[71.29703,42.21814],[71.29688,42.21825],[71.29674,42.21828],[71.29652,42.21827],[71.29621,42.21831],[71.29562,42.21839],[71.29529,42.21844],[71.29491,42.21845],[71.29451,42.21852],[71.29421,42.21862],[71.29407,42.21867],[71.29393,42.21865],[71.29383,42.21858],[71.29368,42.21837],[71.29355,42.21816],[71.2933,42.21781],[71.29312,42.21763],[71.29278,42.21733],[71.29258,42.21712],[71.29245,42.21698],[71.29213,42.21671],[71.29179,42.2164],[71.29146,42.21614],[71.29115,42.21584],[71.29088,42.21561],[71.29052,42.2154],[71.29026,42.21521],[71.29001,42.21509],[71.28982,42.215],[71.28961,42.21498],[71.28928,42.21489],[71.2892,42.21485],[71.28903,42.21477],[71.28877,42.21461],[71.28854,42.21446],[71.28832,42.21431],[71.28823,42.21416],[71.28817,42.21398],[71.28808,42.21379],[71.28799,42.21371],[71.28786,42.21362],[71.28762,42.21349],[71.28748,42.21337],[71.28739,42.2133],[71.28721,42.21322],[71.28703,42.21308],[71.28677,42.21291],[71.2865,42.21276],[71.28632,42.21267],[71.28613,42.21259],[71.28596,42.21255],[71.28579,42.21253],[71.28562,42.21245],[71.28544,42.21235],[71.28525,42.21224],[71.28515,42.21221],[71.28501,42.2122],[71.28488,42.21219],[71.28472,42.21214],[71.28439,42.21199],[71.28417,42.21186],[71.28401,42.21169],[71.28391,42.21156],[71.28378,42.2114],[71.28367,42.21123],[71.28351,42.21113],[71.2834,42.21101],[71.28335,42.21085],[71.28333,42.21071],[71.28332,42.21032],[71.2833,42.20998],[71.28329,42.20967],[71.28329,42.2095],[71.28332,42.20933],[71.28336,42.20895],[71.28335,42.20877],[71.28329,42.20863],[71.2832,42.2085],[71.28312,42.20835],[71.28295,42.20788],[71.28278,42.20741],[71.28271,42.20728],[71.2826,42.20705],[71.28251,42.20698],[71.28234,42.20694],[71.28221,42.20691],[71.28212,42.20688],[71.28195,42.20681],[71.28182,42.2068],[71.28165,42.20679],[71.28153,42.20676],[71.28143,42.2067],[71.28133,42.20669],[71.28116,42.20668],[71.28097,42.20664],[71.28079,42.20653],[71.28064,42.20647],[71.28049,42.20643],[71.28032,42.20639],[71.28019,42.20631],[71.28009,42.2062],[71.28002,42.20614],[71.27988,42.20612],[71.27968,42.20611],[71.27955,42.20607],[71.27936,42.20598],[71.27928,42.20592],[71.27917,42.20591],[71.27901,42.20594],[71.27889,42.20593],[71.27867,42.20593],[71.27851,42.2059],[71.27832,42.20582],[71.2782,42.20573],[71.27805,42.20557],[71.27794,42.20548],[71.27782,42.20545],[71.27765,42.20548],[71.2774,42.20548],[71.27711,42.20545],[71.27693,42.20545],[71.27684,42.20544],[71.27673,42.2054],[71.27663,42.20536],[71.27654,42.20537],[71.27638,42.2055],[71.27622,42.20562],[71.27612,42.20566],[71.27601,42.20564],[71.27584,42.20554],[71.27569,42.20546],[71.27561,42.20543],[71.27553,42.20546],[71.27534,42.20557],[71.27523,42.20565],[71.27513,42.20567],[71.27504,42.20563],[71.27494,42.20554],[71.27481,42.20552],[71.27472,42.20551],[71.27461,42.20541],[71.27448,42.20514],[71.27429,42.20465],[71.27417,42.2045],[71.27395,42.20444],[71.27363,42.20446],[71.2733,42.20442],[71.27297,42.20432],[71.27269,42.20436],[71.27242,42.20449],[71.27226,42.20463],[71.27204,42.20465],[71.27166,42.20457],[71.27133,42.20456],[71.27094,42.20452],[71.27037,42.20435],[71.27012,42.20431],[71.26977,42.20439],[71.26946,42.20439],[71.26895,42.20434],[71.26868,42.20436],[71.26843,42.20443],[71.26829,42.20455],[71.26817,42.20472],[71.26804,42.20482],[71.26778,42.20493],[71.26753,42.20508],[71.26741,42.2052],[71.26719,42.20533],[71.26667,42.2039],[71.26597,42.20227],[71.26571,42.20151],[71.26545,42.2002],[71.26613,42.19872],[71.26742,42.19737],[71.26902,42.19688],[71.26909,42.19637],[71.26581,42.19497],[71.26448,42.19427],[71.26301,42.19349],[71.26088,42.19139],[71.25854,42.18958],[71.25809,42.188],[71.25698,42.18518],[71.2562,42.18352],[71.25453,42.18272],[71.25203,42.18263],[71.25111,42.18251],[71.25074,42.18218],[71.2505,42.18182],[71.25175,42.17957],[71.25301,42.17681],[71.25439,42.17531],[71.25488,42.17508],[71.25636,42.17423],[71.25921,42.17262],[71.25869,42.16986],[71.25836,42.16794],[71.25753,42.16731],[71.25694,42.16685],[71.25364,42.16515],[71.25037,42.16584],[71.24721,42.16602],[71.2452,42.16181],[71.24429,42.16086],[71.24147,42.1587],[71.23938,42.15672],[71.23841,42.15412],[71.23794,42.15344],[71.23775,42.15318],[71.23559,42.15262],[71.23414,42.15278],[71.23292,42.15257],[71.22868,42.15052],[71.22801,42.15024],[71.22525,42.15009],[71.22362,42.14938],[71.22021,42.14877],[71.22091,42.1469],[71.22171,42.14606],[71.22278,42.14576],[71.22456,42.14497],[71.22659,42.14368],[71.22432,42.14148],[71.2235,42.14047],[71.22274,42.13957],[71.22044,42.13828],[71.21869,42.13766],[71.21787,42.13721],[71.2153,42.13692],[71.21248,42.13655],[71.21145,42.13611],[71.21018,42.13604],[71.20785,42.13664],[71.20402,42.13768],[71.2024,42.1377],[71.19952,42.13764],[71.19832,42.14028],[71.19537,42.14355],[71.19118,42.14274],[71.18808,42.14256],[71.18648,42.1418],[71.18423,42.14171],[71.18319,42.14166],[71.17869,42.1423],[71.17654,42.14381],[71.17555,42.14406],[71.17388,42.14376],[71.17223,42.14233],[71.1709,42.14133],[71.16705,42.14024],[71.1647,42.1391],[71.16328,42.13709],[71.15853,42.13399],[71.15271,42.13028],[71.14855,42.13122],[71.14584,42.13258],[71.14112,42.13397],[71.14,42.13213],[71.13882,42.13032],[71.1372,42.12835],[71.13643,42.12641],[71.13607,42.12342],[71.13195,42.11815],[71.12984,42.1165],[71.12676,42.116],[71.12536,42.11531],[71.12133,42.11468],[71.11986,42.11396],[71.11917,42.11292],[71.11708,42.11271],[71.11359,42.11277],[71.11009,42.11473],[71.10763,42.11582],[71.10564,42.11483],[71.10356,42.11289],[71.10322,42.1122],[71.10227,42.11035],[71.10272,42.10698],[71.10268,42.10397],[71.10173,42.10102],[71.10094,42.09786],[71.09967,42.09462],[71.09608,42.09438],[71.09191,42.09446],[71.08812,42.09438],[71.08664,42.09438],[71.08457,42.09436],[71.0835,42.0936],[71.08212,42.09283],[71.08083,42.09191],[71.0794,42.09185],[71.07849,42.09103],[71.07814,42.09106],[71.07698,42.09093],[71.07588,42.0907],[71.07383,42.0895],[71.07318,42.08881],[71.07117,42.08692],[71.07026,42.0861],[71.06944,42.08598],[71.06816,42.08521],[71.06678,42.08522],[71.06152,42.08508],[71.05895,42.08511],[71.05637,42.08524],[71.05644,42.08372],[71.05645,42.08283],[71.05491,42.08239],[71.05,42.08119],[71.04943,42.08106],[71.0486,42.07934],[71.04769,42.07685],[71.04608,42.07512],[71.04686,42.07232],[71.04673,42.0712],[71.04608,42.07048],[71.04424,42.06906],[71.04333,42.06803],[71.04226,42.06684],[71.04178,42.06582],[71.04014,42.06365],[71.03441,42.06472],[71.03249,42.06557],[71.02896,42.06772],[71.02863,42.06684],[71.02787,42.06603],[71.02645,42.06497],[71.0253,42.06422],[71.02503,42.06272],[71.02467,42.06118],[71.02272,42.06099],[71.01813,42.06133],[71.01536,42.06111],[71.01349,42.06021],[71.00645,42.05698],[71.00945,42.05609],[71.01226,42.05444],[71.01348,42.05236],[71.01247,42.05086],[71.01102,42.04941],[71.0106,42.04882],[71.00558,42.04598],[71.00209,42.0441],[71.00193,42.04371],[71.00216,42.04102],[70.99927,42.03761],[70.99765,42.03473],[70.99416,42.03111],[70.99275,42.03041],[70.98548,42.03086],[70.98304,42.03187],[70.97924,42.03293],[70.97348,42.03284],[70.96646,42.03171],[70.96109,42.0308],[70.95467,42.03108],[70.94859,42.03104],[70.9422,42.03118],[70.93964,42.03243],[70.93822,42.03273],[70.92975,42.03452],[70.92624,42.0368],[70.91946,42.03972],[70.91445,42.04191],[70.91033,42.04028],[70.906,42.04031],[70.9007,42.04092],[70.90059,42.04093],[70.89794,42.04301],[70.8967,42.044],[70.89651,42.0453],[70.89611,42.04819],[70.89348,42.05034],[70.88814,42.05192],[70.88637,42.04919],[70.88532,42.04732],[70.88286,42.04623],[70.87899,42.04613],[70.87826,42.04648],[70.87759,42.04688],[70.87596,42.04695],[70.87347,42.04848],[70.87219,42.04996],[70.87076,42.05095],[70.86738,42.05287],[70.86517,42.05413],[70.8645,42.05246],[70.86363,42.05086],[70.86168,42.04944],[70.86076,42.04829],[70.86101,42.04611],[70.86133,42.04279],[70.85563,42.0399],[70.85643,42.0369],[70.85646,42.03544],[70.85624,42.03329],[70.85733,42.03273],[70.8584,42.03177],[70.85983,42.02948],[70.85911,42.0268],[70.85221,42.02247],[70.84802,42.01949],[70.84692,42.0185],[70.84696,42.01748],[70.84729,42.01576],[70.84501,42.01407],[70.84228,42.01257],[70.84244,42.01074],[70.84279,42.00932],[70.84244,42.00843],[70.84246,42.0075],[70.84226,42.0056],[70.84037,42.00206],[70.83788,41.9997],[70.84052,41.99707],[70.84314,41.9954],[70.84532,41.99209],[70.84824,41.99052],[70.85203,41.98898],[70.85229,41.98763],[70.8523,41.9856],[70.85177,41.9843],[70.84982,41.98139],[70.84989,41.97862],[70.84857,41.97655],[70.84867,41.97427],[70.85073,41.97141],[70.85067,41.9665],[70.85302,41.96318],[70.85246,41.96106],[70.85241,41.95887],[70.85294,41.95726],[70.85578,41.95533],[70.85594,41.95296],[70.8555,41.95055],[70.85338,41.94895],[70.85192,41.94789],[70.853,41.9454],[70.85391,41.94152],[70.85023,41.94034],[70.84758,41.94004],[70.84581,41.93889],[70.84559,41.93626],[70.84472,41.93362],[70.84262,41.93143],[70.83777,41.92679],[70.8348,41.92311],[70.83054,41.92477],[70.82896,41.92476],[70.8261,41.92641],[70.82416,41.92655],[70.8215,41.92642],[70.82028,41.92635],[70.81558,41.92655],[70.81415,41.92634],[70.81316,41.92561],[70.81138,41.92423],[70.80686,41.92062],[70.79731,41.92635],[70.79652,41.92641],[70.79544,41.9272],[70.79002,41.92911],[70.78411,41.92642],[70.7817,41.92641],[70.78033,41.92663],[70.77796,41.92798],[70.77328,41.92838],[70.77103,41.93111],[70.76783,41.93377],[70.76666,41.93559],[70.76305,41.93605],[70.75723,41.93642],[70.75814,41.93379],[70.75827,41.93228],[70.75822,41.93011],[70.7582,41.92389],[70.7573,41.92001],[70.75733,41.91815],[70.75643,41.91561],[70.75571,41.91475],[70.7544,41.91336],[70.75268,41.91274],[70.74904,41.91233],[70.74507,41.91311],[70.74191,41.914],[70.73847,41.91389],[70.7315,41.91767],[70.73057,41.91913],[70.73036,41.9205],[70.72739,41.92034],[70.72104,41.91999],[70.71374,41.9205],[70.70766,41.9198],[70.70494,41.91814],[70.7028,41.91717],[70.69938,41.91647],[70.69391,41.91456],[70.68968,41.91451],[70.68724,41.91557],[70.68639,41.91474],[70.68304,41.91327],[70.68064,41.9131],[70.67914,41.91308],[70.67829,41.91287],[70.67649,41.9118],[70.67414,41.90958],[70.67342,41.90842],[70.66967,41.9073],[70.66496,41.90695],[70.66393,41.90552],[70.6627,41.90381],[70.66172,41.90233],[70.66078,41.90113],[70.66091,41.89997],[70.66098,41.89943],[70.66274,41.89727],[70.66248,41.89551],[70.66198,41.8939],[70.66004,41.89226],[70.65874,41.89023],[70.65786,41.88845],[70.65647,41.88661],[70.65576,41.88565],[70.65435,41.88435],[70.65273,41.8833],[70.64919,41.88224],[70.64827,41.87928],[70.64776,41.8764],[70.64593,41.87418],[70.64488,41.8735],[70.64353,41.87279],[70.64091,41.87229],[70.6391,41.87224],[70.63797,41.87214],[70.63974,41.86831],[70.63787,41.86755],[70.63614,41.86578],[70.63578,41.86335],[70.6342,41.86139],[70.63122,41.85991],[70.62981,41.85547],[70.62875,41.85332],[70.62686,41.85176],[70.6222,41.85144],[70.61915,41.85129],[70.61768,41.8515],[70.617,41.8519],[70.61603,41.85232],[70.61411,41.85311],[70.6098,41.85155],[70.60604,41.85115],[70.60336,41.85072],[70.60212,41.84854],[70.60108,41.84446],[70.60095,41.84405],[70.59985,41.83966],[70.59926,41.83742],[70.59775,41.83531],[70.59775,41.83319],[70.59761,41.82869],[70.59662,41.82641],[70.59666,41.82437],[70.59932,41.81983],[70.59733,41.81887],[70.59669,41.81822],[70.59415,41.81795],[70.58903,41.81825],[70.58435,41.81925],[70.57853,41.81975],[70.5764,41.81894],[70.57495,41.81718],[70.57341,41.81585],[70.5719,41.8136],[70.56911,41.81065],[70.56666,41.81088],[70.56431,41.81075],[70.56294,41.80903],[70.56046,41.80785],[70.55427,41.80776],[70.55295,41.80671],[70.55192,41.80629],[70.55023,41.80543],[70.54565,41.80397],[70.54305,41.80142],[70.54003,41.80052],[70.53569,41.79926],[70.53113,41.79809],[70.5275,41.79858],[70.52413,41.7943],[70.52113,41.78987],[70.51901,41.78796],[70.51748,41.786],[70.51525,41.78431],[70.51546,41.78198],[70.51493,41.78033],[70.5126,41.77786],[70.5106,41.77408],[70.50869,41.77205],[70.508,41.7657],[70.50811,41.7652],[70.5089,41.76131],[70.50669,41.75586],[70.5057,41.75417],[70.50492,41.75129],[70.50475,41.75064],[70.50584,41.74844],[70.50889,41.7468],[70.50672,41.74452],[70.50593,41.7429],[70.50575,41.74185],[70.5067,41.73659],[70.50343,41.73416],[70.50262,41.73219],[70.49997,41.72666],[70.4985,41.72155],[70.49669,41.71969],[70.49493,41.7199],[70.48544,41.72065],[70.48256,41.72105],[70.47968,41.7216],[70.47584,41.72234],[70.4706,41.72148],[70.46855,41.72073],[70.4668,41.72063],[70.46525,41.71818],[70.46488,41.71691],[70.4638,41.71616],[70.46039,41.71364],[70.45678,41.71101],[70.45354,41.70763],[70.45242,41.70611],[70.44981,41.70255],[70.44467,41.70113],[70.43924,41.7006],[70.4364,41.70042],[70.43275,41.69807],[70.43075,41.69679],[70.42731,41.69508],[70.42402,41.69394],[70.42135,41.69276],[70.41973,41.69041],[70.41434,41.69087],[70.41028,41.68984],[70.40752,41.68905],[70.4034,41.68654],[70.40041,41.68577],[70.39657,41.68418],[70.3931,41.68147],[70.39058,41.67875],[70.39005,41.67818],[70.38806,41.67585],[70.38567,41.67388],[70.38534,41.67156],[70.38279,41.66841],[70.37705,41.6618],[70.37582,41.65722],[70.3717,41.65162],[70.36707,41.64748],[70.35934,41.64579],[70.35563,41.64472],[70.35039,41.64293],[70.34463,41.64066],[70.3419,41.63816],[70.33685,41.63753],[70.33627,41.63745],[70.3326,41.63698],[70.33008,41.63657],[70.32698,41.63655],[70.32353,41.63673],[70.32203,41.63684],[70.32134,41.6367],[70.31516,41.63546],[70.31259,41.63473],[70.30715,41.63317],[70.30499,41.63203],[70.30185,41.63122],[70.29946,41.62955],[70.29846,41.62885],[70.29824,41.62857],[70.29743,41.62756],[70.29495,41.62401],[70.29405,41.62311],[70.29261,41.62169],[70.28947,41.62174],[70.28431,41.62094],[70.28358,41.62124],[70.28279,41.62115],[70.28114,41.62008],[70.27895,41.61973],[70.27787,41.61802],[70.27646,41.61719],[70.27584,41.61515],[70.2756,41.61459],[70.2752,41.61302],[70.27286,41.61218],[70.27194,41.61144],[70.26994,41.61087],[70.26701,41.60854],[70.26658,41.60833],[70.26584,41.60746],[70.26425,41.60745],[70.2632,41.60738],[70.26187,41.60883],[70.25884,41.61072],[70.25797,41.61209],[70.25716,41.61244],[70.25684,41.61245],[70.25556,41.61294],[70.25421,41.61345],[70.25224,41.61382],[70.25107,41.61358],[70.24986,41.61254],[70.24934,41.61257],[70.2489,41.61292],[70.24888,41.61331],[70.24851,41.61377],[70.2453,41.61599],[70.24066,41.61712],[70.23867,41.61634],[70.23502,41.61499],[70.23259,41.61388],[70.23037,41.61197],[70.22958,41.61193],[70.22723,41.61068],[70.2258,41.61145],[70.22455,41.61163],[70.22315,41.61178],[70.22143,41.61102],[70.22065,41.61096],[70.21924,41.61056],[70.21853,41.61055],[70.21692,41.61119],[70.21515,41.61123],[70.21405,41.61115],[70.21283,41.61161],[70.21183,41.61195],[70.21079,41.61213],[70.21029,41.61198],[70.20925,41.61196],[70.20984,41.61077],[70.21004,41.60969],[70.20967,41.60913],[70.21041,41.60862],[70.21058,41.60767],[70.2108,41.60733],[70.21006,41.60656],[70.20828,41.6042],[70.21106,41.60099],[70.21331,41.5979],[70.21422,41.59649],[70.21578,41.59503],[70.21496,41.59115],[70.21486,41.58892],[70.21471,41.58584],[70.21011,41.57907],[70.21003,41.57776],[70.20982,41.57464],[70.20862,41.5733],[70.20562,41.57273],[70.20364,41.57274],[70.20288,41.57274],[70.20008,41.57142],[70.19753,41.57024],[70.19448,41.5701],[70.19289,41.56961],[70.19172,41.56908],[70.19015,41.5681],[70.18982,41.56688],[70.18984,41.56452],[70.18795,41.56225],[70.18222,41.5595],[70.18082,41.55875],[70.17929,41.5575],[70.18043,41.55588],[70.18117,41.5553],[70.18223,41.55447],[70.18408,41.55247],[70.18534,41.55035],[70.18633,41.54742],[70.18682,41.54661],[70.18757,41.54496],[70.18453,41.54235],[70.18334,41.53546],[70.18137,41.52735],[70.17706,41.5256],[70.17491,41.52518],[70.17395,41.52302],[70.17137,41.52022],[70.17043,41.51823],[70.16915,41.5168],[70.16896,41.51535]]]}}]}